trade_id,ticker,strategy,direction,entry_time,entry_price,shares,exit_time,exit_price,exit_reason,stop,target,hmm_state,gross_pnl,net_pnl,total_costs,limiting_factor
deafb9e2,NVDA,TREND_FOLLOW,SHORT,2017-01-03 14:00:00,2.5353,4141,2017-01-04 09:30:00,2.56,STOP_HIT,2.56,2.48,Normal,-102.28270000000069,-108.39057856264586,6.107878562645163,KELLY_CRITERION
fdfe6ee8,AMZN,TREND_FOLLOW,SHORT,2017-01-03 14:00:00,37.4528,280,2017-01-04 09:30:00,37.83,STOP_HIT,37.83,36.7,Normal,-105.61599999999856,-110.64923099999857,5.033231,KELLY_CRITERION
67d56693,EBAY,TREND_FOLLOW,SHORT,2017-01-03 14:00:00,29.715,353,2017-01-04 09:35:00,30.01,STOP_HIT,30.01,29.12,Normal,-104.1350000000006,-109.2028925750006,5.067892575,KELLY_CRITERION
9adc212d,ADBE,TREND_FOLLOW,SHORT,2017-01-10 14:00:00,108.18,97,2017-01-17 09:30:00,107.79,MAX_HOLD,109.26,106.02,Normal,37.830000000000055,33.514084675000056,4.315915325000001,KELLY_CRITERION
5862d87d,QCOM,TREND_FOLLOW,SHORT,2017-01-10 14:00:00,65.8729,159,2017-01-13 09:35:00,66.53,STOP_HIT,66.53,64.56,Normal,-104.47889999999997,-109.05970192499997,4.580801925,KELLY_CRITERION
5a17e76a,MMM,TREND_FOLLOW,SHORT,2017-01-10 14:00:00,147.5502,71,2017-01-11 11:15:00,149.03,STOP_HIT,149.03,144.6,Normal,-105.06580000000082,-109.42402157500082,4.358221575,KELLY_CRITERION
2947c631,COST,TREND_FOLLOW,LONG,2017-01-17 14:00:00,163.98,64,2017-01-23 09:30:00,164.05,MAX_HOLD,162.34,167.26,Normal,4.480000000001382,0.45528000000138213,4.02472,KELLY_CRITERION
4a9160ae,ADBE,TREND_FOLLOW,LONG,2017-01-17 14:00:00,107.54,97,2017-01-19 13:20:00,109.69,TARGET_HIT,106.47,109.69,Normal,208.54999999999916,204.47602449999917,4.0739755,KELLY_CRITERION
0edf5e3d,HON,TREND_FOLLOW,SHORT,2017-01-17 14:15:00,110.6975,94,2017-01-19 09:30:00,111.8,STOP_HIT,111.8,108.48,Normal,-103.63499999999925,-107.97055299999926,4.335552999999999,KELLY_CRITERION
11a649ed,AMGN,TREND_FOLLOW,LONG,2017-01-24 14:00:00,151.67,69,2017-01-27 15:15:00,157.24,TARGET_HIT,148.88,157.24,Normal,384.3300000000015,380.1826540000015,4.147346000000001,KELLY_CRITERION
955ac06d,CRM,TREND_FOLLOW,LONG,2017-01-24 14:00:00,77.0337,136,2017-01-30 09:30:00,77.8,MAX_HOLD,75.73,79.64,Normal,104.21680000000015,100.03752000000014,4.179279999999999,KELLY_CRITERION
d094a358,V,TREND_FOLLOW,LONG,2017-01-24 14:00:00,83.2799,126,2017-01-30 09:30:00,83.47,MAX_HOLD,82.3,85.24,Normal,23.952600000000132,19.830573000000133,4.122026999999999,KELLY_CRITERION
427e8f40,REGN,TREND_FOLLOW,LONG,2017-01-31 14:00:00,355.37,29,2017-02-06 09:30:00,357.86,MAX_HOLD,345.82,374.48,Normal,72.21000000000026,68.22772100000026,3.982279,KELLY_CRITERION
77ebdd6e,MMM,TREND_FOLLOW,SHORT,2017-01-31 14:00:00,145.3554,72,2017-02-06 09:30:00,145.5853,MAX_HOLD,147.02,142.02,Normal,-16.552799999999024,-20.873848453999024,4.321048454,KELLY_CRITERION
9e745795,XOM,TREND_FOLLOW,SHORT,2017-01-31 14:10:00,83.48,125,2017-02-06 09:30:00,83.55,MAX_HOLD,84.61,81.23,Normal,-8.749999999999147,-13.154390624999149,4.4043906250000004,KELLY_CRITERION
80576e5a,AMD,ORB,SHORT,2017-02-07 10:00:00,13.8149,1224,2017-02-07 15:55:00,13.28,EOD,14.27,12.9,Normal,654.7176000000004,647.3427632000004,7.374836800000001,KELLY_CRITERION
b3e75c13,BIIB,GF_SHORT,SHORT,2017-02-07 10:30:00,265.505,14,2017-02-07 13:30:00,266.26,TIME_STOP,269.6499615384615,261.895,Normal,-10.569999999999936,-12.329914099999936,1.7599140999999996,KELLY_CRITERION
dfa16af0,TSLA,TREND_FOLLOW,LONG,2017-02-07 14:00:00,17.2106,610,2017-02-09 09:30:00,17.98,TARGET_HIT,16.82,17.98,Normal,469.3340000000006,464.4952700000006,4.83873,KELLY_CRITERION
d1bc1f99,MU,ORB,SHORT,2017-02-14 10:05:00,22.8657,739,2017-02-14 15:55:00,23.115,EOD,23.37,21.86,Normal,-184.23269999999857,-191.82525433749856,7.592554337499999,KELLY_CRITERION
7bc9d5f9,AMZN,TREND_FOLLOW,LONG,2017-02-15 14:00:00,42.0265,249,2017-02-21 09:30:00,42.442,MAX_HOLD,41.38,43.32,Normal,103.45950000000039,98.88917970000038,4.570320300000001,KELLY_CRITERION
4a0f08e3,EBAY,TREND_FOLLOW,LONG,2017-02-15 14:00:00,34.0178,308,2017-02-21 09:30:00,33.76,MAX_HOLD,33.42,35.21,Normal,-79.40240000000097,-84.04172800000097,4.639328,KELLY_CRITERION
48508539,TSLA,TREND_FOLLOW,LONG,2017-02-21 14:00:00,18.5973,564,2017-02-23 09:30:00,18.13,STOP_HIT,18.13,19.54,Normal,-263.5572000000009,-268.1360620000009,4.578862,KELLY_CRITERION
c99efd37,PANW,PE_SHORT,SHORT,2017-03-01 09:30:00,19.9933,907,2017-03-02 15:55:00,19.4042,EOD,20.82,18.35,Calm,534.3137000000017,527.3641631168017,6.9495368832,VOLATILITY_TARGET
62a81eaf,AVGO,ORB,SHORT,2017-05-17 09:55:00,23.6315,715,2017-05-17 15:55:00,23.118,EOD,23.897,23.1,Normal,367.1525000000004,359.77323782500036,7.379262174999999,KELLY_CRITERION
79dd55b8,GS,ORB,SHORT,2017-05-17 10:00:00,219.28,77,2017-05-17 14:20:00,213.52,TARGET_HIT,222.16,213.52,Normal,443.5199999999993,436.9484923999993,6.5715076,KELLY_CRITERION
48f48bb9,AMAT,TREND_FOLLOW,SHORT,2017-05-17 14:00:00,43.49,241,2017-05-19 09:30:00,44.0,STOP_HIT,44.0,41.92,Normal,-122.90999999999951,-127.80350499999952,4.893505,KELLY_CRITERION
acd6ce3d,AMD,ORB,SHORT,2017-06-21 09:55:00,13.17,1284,2017-06-21 10:40:00,13.65,STOP_HIT,13.65,12.21,Normal,-616.3200000000005,-624.1866715000006,7.866671500000001,KELLY_CRITERION
89d7515c,ADBE,TREND_FOLLOW,SHORT,2017-06-21 14:00:00,142.99,73,2017-06-26 09:30:00,146.06,MAX_HOLD,146.45,136.08,Normal,-224.1099999999995,-228.4992834499995,4.389283450000001,KELLY_CRITERION
1e23f255,AMZN,TREND_FOLLOW,LONG,2017-06-21 14:10:00,49.8725,210,2017-06-26 09:30:00,50.425,MAX_HOLD,48.71,52.2,Normal,116.02499999999893,111.58376249999893,4.4412375,KELLY_CRITERION
9c5e20b9,MS,ORB,SHORT,2017-06-29 10:20:00,45.01,375,2017-06-29 15:55:00,44.77,EOD,45.61,43.81,Normal,89.99999999999808,82.58912187499809,7.410878125,KELLY_CRITERION
19e4863b,GOOGL,TREND_FOLLOW,SHORT,2017-06-29 14:00:00,46.5095,225,2017-07-05 09:30:00,46.21,MAX_HOLD,47.51,44.51,Normal,67.38750000000041,62.63116312500041,4.756336875000001,KELLY_CRITERION
24b3fde3,GS,TREND_FOLLOW,SHORT,2017-06-29 14:00:00,224.27,46,2017-07-03 11:30:00,228.39,STOP_HIT,228.39,216.03,Normal,-189.5199999999989,-193.8449623499989,4.324962349999999,KELLY_CRITERION
905abee4,AAPL,TREND_FOLLOW,LONG,2017-07-11 14:00:00,36.4487,288,2017-07-17 09:30:00,37.205,MAX_HOLD,35.91,37.53,Normal,217.81439999999884,213.06413599999885,4.750264,KELLY_CRITERION
16339922,AMZN,TREND_FOLLOW,LONG,2017-07-11 14:00:00,49.666,211,2017-07-17 09:30:00,50.2345,MAX_HOLD,48.81,51.37,Normal,119.95350000000005,115.50518217500004,4.448317825,KELLY_CRITERION
c00ff54f,NFLX,TREND_FOLLOW,LONG,2017-07-11 14:00:00,15.4397,680,2017-07-17 09:30:00,16.291,MAX_HOLD,15.05,16.21,Normal,578.8840000000001,574.0067420000001,4.877258,KELLY_CRITERION
dbacfbfe,TXN,TREND_FOLLOW,SHORT,2017-08-10 14:00:00,81.0,129,2017-08-15 09:30:00,82.07,MAX_HOLD,82.44,78.13,Normal,-138.02999999999912,-142.5032588249991,4.473258825,KELLY_CRITERION
93ffd7a3,CRM,TREND_FOLLOW,SHORT,2017-08-10 14:00:00,88.42,118,2017-08-14 09:35:00,89.77,STOP_HIT,89.77,85.71,Normal,-159.29999999999933,-163.73481464999932,4.434814649999999,KELLY_CRITERION
555304ff,NFLX,TREND_FOLLOW,LONG,2017-08-10 14:00:00,16.979,618,2017-08-15 09:30:00,17.153,MAX_HOLD,16.51,17.91,Normal,107.53199999999968,102.82180609999969,4.7101939,KELLY_CRITERION
26b8f791,EBAY,TREND_FOLLOW,LONG,2017-08-17 14:00:00,35.01,299,2017-08-21 10:20:00,34.45,STOP_HIT,34.45,36.13,Normal,-167.43999999999855,-172.04519249999854,4.6051925,KELLY_CRITERION
4226792c,MMM,TREND_FOLLOW,LONG,2017-08-17 14:50:00,172.5167,60,2017-08-18 10:00:00,170.78,STOP_HIT,170.78,175.99,Normal,-104.20199999999909,-108.13837999999909,3.9363799999999998,KELLY_CRITERION
5f6ef9c9,AMAT,ORB,SHORT,2017-08-18 09:55:00,44.2001,382,2017-08-18 15:55:00,44.3,EOD,45.25,42.1,Normal,-38.161799999999275,-45.62457149999928,7.4627715,KELLY_CRITERION
e3410b1a,MSFT,TREND_FOLLOW,LONG,2017-08-24 14:00:00,72.6301,144,2017-08-29 09:30:00,72.25,MAX_HOLD,71.64,74.61,Normal,-54.73439999999982,-58.879799999999825,4.1453999999999995,KELLY_CRITERION
c27945b9,VRTX,TREND_FOLLOW,LONG,2017-08-24 14:00:00,153.72,68,2017-08-29 09:30:00,151.86,MAX_HOLD,150.07,161.01,Normal,-126.479999999999,-130.444267999999,3.9642680000000006,KELLY_CRITERION
e2d517b5,V,TREND_FOLLOW,SHORT,2017-08-25 14:00:00,103.42,101,2017-08-30 09:30:00,103.7,MAX_HOLD,104.52,101.22,Normal,-28.280000000000115,-32.60701675000011,4.327016749999999,KELLY_CRITERION
ba272a0e,AMGN,ORB,LONG,2017-09-11 09:55:00,184.1,91,2017-09-11 15:55:00,186.53,EOD,182.54,187.22,Normal,221.13000000000062,214.83901950000063,6.2909805,KELLY_CRITERION
31a56657,MA,ORB,LONG,2017-09-11 10:05:00,140.615,120,2017-09-11 15:55:00,141.99,EOD,139.18,143.49,Normal,165.0,158.61642,6.38358,KELLY_CRITERION
003452cd,AMD,TREND_FOLLOW,LONG,2017-09-11 14:00:00,12.599,833,2017-09-13 09:30:00,12.17,STOP_HIT,12.17,13.47,Normal,-357.3570000000002,-361.9051635000002,4.5481635,KELLY_CRITERION
f9209274,MU,ORB,LONG,2017-10-31 10:00:00,43.85,385,2017-10-31 15:55:00,44.33,EOD,42.2,47.15,Normal,184.7999999999988,177.8265324999988,6.9734675,KELLY_CRITERION
c4dd66ae,MA,ORB,SHORT,2017-10-31 10:05:00,147.11,114,2017-10-31 15:55:00,148.73,EOD,152.0,137.33,Normal,-184.67999999999728,-191.50182554999728,6.821825549999999,KELLY_CRITERION
f2a466a0,AMZN,TREND_FOLLOW,LONG,2017-10-31 14:00:00,55.316,189,2017-11-06 09:30:00,55.4575,MAX_HOLD,54.12,57.71,Normal,26.743500000000118,22.41348637500012,4.330013624999999,KELLY_CRITERION
994ac097,CRM,ORB,SHORT,2017-11-20 10:00:00,107.45,157,2017-11-20 15:55:00,107.38,EOD,109.0,104.35,Normal,10.99000000000116,4.0457408500011605,6.94425915,KELLY_CRITERION
509de668,NVDA,TREND_FOLLOW,LONG,2017-11-20 14:00:00,5.355,1960,2017-11-27 09:30:00,5.4328,MAX_HOLD,5.22,5.63,Normal,152.48799999999974,147.76109919999973,4.7269008,KELLY_CRITERION
fcb35d3e,COST,TREND_FOLLOW,LONG,2017-11-20 14:00:00,172.04,61,2017-11-27 09:30:00,172.25,MAX_HOLD,169.56,177.0,Normal,12.810000000000485,8.782462500000484,4.0275375,KELLY_CRITERION
278e72b1,AMGN,ORB,SHORT,2018-01-30 10:00:00,192.735,87,2018-01-30 15:55:00,191.26,EOD,196.468,185.27,Normal,128.32500000000198,121.67657845000198,6.648421549999999,KELLY_CRITERION
f84940c6,INTU,TREND_FOLLOW,LONG,2018-01-30 14:00:00,169.105,62,2018-02-01 09:30:00,166.67,STOP_HIT,166.67,173.97,Normal,-150.97000000000014,-154.93673900000013,3.9667389999999996,KELLY_CRITERION
73f17ea3,XOM,TREND_FOLLOW,SHORT,2018-01-30 14:00:00,87.2,120,2018-02-01 11:45:00,88.29,STOP_HIT,88.29,85.01,Normal,-130.8000000000004,-135.2429370000004,4.442937,KELLY_CRITERION
1c2beb8d,SBUX,TREND_FOLLOW,LONG,2018-02-06 14:45:00,55.04,95,2018-02-12 09:30:00,54.86,MAX_HOLD,53.07,58.99,Stress,-17.099999999999973,-20.05584999999997,2.95585,KELLY_CRITERION
f53519eb,INTU,TREND_FOLLOW,SHORT,2018-02-07 14:00:00,162.19,32,2018-02-09 12:05:00,151.63,TARGET_HIT,163.22,151.63,Stress,337.9200000000001,335.00424560000005,2.9157544,KELLY_CRITERION
9328dabc,MS,TREND_FOLLOW,SHORT,2018-02-07 14:00:00,54.68,96,2018-02-09 12:45:00,50.18,TARGET_HIT,56.29,50.18,Stress,432.0,429.0901648,2.9098352,KELLY_CRITERION
400bfb15,GOOGL,TREND_FOLLOW,LONG,2018-02-13 14:00:00,52.954,99,2018-02-20 09:30:00,54.638,MAX_HOLD,50.45,57.95,Stress,166.71599999999975,163.66141899999974,3.054581,KELLY_CRITERION
6006c1f0,MSFT,TREND_FOLLOW,LONG,2018-02-14 14:00:00,90.28,58,2018-02-20 09:30:00,91.475,MAX_HOLD,85.6,99.64,Stress,69.3099999999996,66.3072249999996,3.0027749999999997,KELLY_CRITERION
6d064eea,JPM,TREND_FOLLOW,LONG,2018-02-14 14:00:00,114.555,45,2018-02-20 09:30:00,114.65,MAX_HOLD,109.47,124.72,Stress,4.274999999999949,1.3453749999999491,2.9296249999999997,KELLY_CRITERION
e1680340,MA,TREND_FOLLOW,LONG,2018-02-20 14:00:00,176.34,29,2018-02-26 09:30:00,176.5,MAX_HOLD,167.9,193.21,Stress,4.639999999999901,1.730749999999901,2.90925,KELLY_CRITERION
8821ade0,TSLA,TREND_FOLLOW,LONG,2018-02-21 14:00:00,22.5747,232,2018-02-26 09:30:00,23.5667,MAX_HOLD,21.23,25.26,Stress,230.1440000000002,226.5982628000002,3.5457372,KELLY_CRITERION
e96838f7,AAPL,TREND_FOLLOW,LONG,2018-02-21 14:00:00,43.45,120,2018-02-26 09:30:00,44.0875,MAX_HOLD,41.45,47.45,Stress,76.49999999999949,73.43474999999948,3.06525,KELLY_CRITERION
d7568264,REGN,TREND_FOLLOW,SHORT,2018-02-27 14:00:00,320.0,32,2018-03-05 09:30:00,327.97,MAX_HOLD,333.6,292.8,Normal,-255.04000000000087,-259.35811760000087,4.318117600000001,KELLY_CRITERION
67170d2e,GS,TREND_FOLLOW,LONG,2018-02-28 14:00:00,268.2784,39,2018-03-01 09:35:00,261.66,STOP_HIT,261.66,281.52,Normal,-258.1175999999981,-262.0392589999981,3.9216590000000005,KELLY_CRITERION
8ab2d94a,CRM,TREND_FOLLOW,LONG,2018-02-28 14:00:00,117.94,89,2018-03-05 09:30:00,120.0,MAX_HOLD,115.02,123.77,Normal,183.3400000000002,179.2520000000002,4.088,KELLY_CRITERION
1e061e26,IWM,STRESS_ORB,SHORT,2018-03-06 10:00:00,153.69,40,2018-03-06 12:40:00,154.48,STOP_HIT,154.48,152.11,Stress,-31.59999999999968,-35.21732799999968,3.617328,KELLY_CRITERION
66441d2f,XOM,ORB,SHORT,2018-03-07 09:55:00,74.56,226,2018-03-07 15:55:00,74.28,EOD,75.24,73.2,Normal,63.28000000000026,56.10773180000026,7.1722682,KELLY_CRITERION
f9222eb7,NFLX,ORB,SHORT,2018-03-07 10:10:00,31.905,530,2018-03-07 10:50:00,32.325,STOP_HIT,32.325,31.06,Normal,-222.6000000000009,-230.17077437500092,7.570774374999999,KELLY_CRITERION
78e7714a,INTC,ORB,LONG,2018-03-13 10:20:00,53.675,315,2018-03-13 12:05:00,52.15,STOP_HIT,52.15,56.72,Normal,-480.37499999999955,-487.1245374999995,6.7495375,KELLY_CRITERION
199839c7,REGN,TREND_FOLLOW,SHORT,2018-03-14 14:35:00,340.68,30,2018-03-19 09:30:00,343.0,MAX_HOLD,348.43,325.18,Normal,-69.5999999999998,-73.8403249999998,4.240325,KELLY_CRITERION
849a7251,GOOGL,TREND_FOLLOW,SHORT,2018-03-15 14:00:00,57.328,183,2018-03-19 11:40:00,54.66,TARGET_HIT,58.66,54.66,Normal,488.24400000000117,483.7917655500012,4.45223445,KELLY_CRITERION
daa8cf59,GOOGL,TREND_FOLLOW,SHORT,2018-03-20 14:00:00,54.6215,192,2018-03-23 15:00:00,51.78,TARGET_HIT,56.04,51.78,Normal,545.5679999999993,541.1055455999993,4.4624544,KELLY_CRITERION
36f8aebb,META,ORB,LONG,2018-03-21 10:10:00,166.3694,101,2018-03-21 12:45:00,172.51,TARGET_HIT,163.3,172.51,Normal,620.2005999999977,613.7488714999978,6.4517285,KELLY_CRITERION
40299cf3,META,ORB,LONG,2018-03-22 10:05:00,169.2102,99,2018-03-22 11:40:00,165.21,STOP_HIT,165.21,177.21,Normal,-396.0197999999979,-402.09432649999786,6.0745265,KELLY_CRITERION
5d54d871,JPM,ORB,SHORT,2018-04-13 10:05:00,112.13,150,2018-04-13 15:55:00,110.3,EOD,115.15,106.09,Normal,274.4999999999998,267.7000124999998,6.799987499999999,KELLY_CRITERION
f3a6a683,MS,ORB,SHORT,2018-04-13 10:10:00,53.89,313,2018-04-13 15:55:00,52.98,EOD,54.88,51.91,Normal,284.8300000000012,277.5089806500012,7.321019349999999,KELLY_CRITERION
f1bcfda1,QCOM,GF_SHORT,SHORT,2018-04-13 10:30:00,55.65,67,2018-04-13 13:30:00,56.14,TIME_STOP,56.673489230769235,54.525,Normal,-32.83000000000013,-34.61298595000013,1.78298595,KELLY_CRITERION
c7bcd9f5,AAPL,ORB,SHORT,2018-04-20 09:55:00,41.8376,404,2018-04-20 15:55:00,41.43,EOD,42.8046,39.9,Normal,164.67040000000088,157.27313070000088,7.3972693000000005,KELLY_CRITERION
f15d231d,AMD,TREND_FOLLOW,SHORT,2018-04-20 14:00:00,10.011,1048,2018-04-25 09:30:00,10.06,MAX_HOLD,10.41,9.21,Normal,-51.352000000001325,-56.53629720000133,5.184297200000001,KELLY_CRITERION
4be3b905,MU,TREND_FOLLOW,SHORT,2018-04-20 14:00:00,51.035,205,2018-04-25 09:30:00,47.56,MAX_HOLD,53.48,46.14,Normal,712.3749999999989,707.9369754999989,4.4380245,KELLY_CRITERION
22833525,EBAY,PE_SHORT,SHORT,2018-04-26 09:30:00,38.84,436,2018-04-27 15:55:00,38.23,EOD,40.56,35.4,Normal,265.9600000000029,258.5827043000029,7.3772956999999995,VOLATILITY_TARGET
64e898f5,MSFT,ORB,SHORT,2018-04-27 10:00:00,95.1653,177,2018-04-27 15:55:00,95.82,EOD,97.9,89.7,Normal,-115.88189999999844,-122.93836784999844,7.05646785,KELLY_CRITERION
c9bcba53,INTC,ORB,SHORT,2018-04-27 10:10:00,54.04,313,2018-04-27 15:55:00,52.74,EOD,55.79,50.54,Normal,406.8999999999991,399.60733844999913,7.29266155,KELLY_CRITERION
f0eb87a0,AMAT,TREND_FOLLOW,SHORT,2018-04-27 15:20:00,49.6,211,2018-05-02 09:30:00,50.66,MAX_HOLD,51.62,45.56,Normal,-223.65999999999897,-228.47484064999898,4.814840649999999,KELLY_CRITERION
be271088,BIIB,TREND_FOLLOW,LONG,2018-05-04 14:00:00,270.135,38,2018-05-09 09:30:00,269.75,MAX_HOLD,261.55,287.31,Normal,-14.629999999999654,-18.567674999999653,3.937675,KELLY_CRITERION
753bf469,MMM,TREND_FOLLOW,LONG,2018-05-04 14:00:00,166.4381,63,2018-05-09 09:30:00,168.9214,MAX_HOLD,162.51,174.29,Normal,156.44790000000089,152.37318313000088,4.0747168700000005,KELLY_CRITERION
fc1ed042,VRTX,TREND_FOLLOW,SHORT,2018-05-07 14:30:00,149.4,70,2018-05-11 09:45:00,153.62,STOP_HIT,153.62,140.96,Normal,-295.3999999999999,-299.82305849999995,4.4230585,KELLY_CRITERION
dae7f315,MSFT,TREND_FOLLOW,SHORT,2018-05-11 14:00:00,97.265,107,2018-05-16 09:30:00,97.36,MAX_HOLD,99.66,92.48,Normal,-10.164999999999878,-14.492978799999879,4.3279787999999995,KELLY_CRITERION
8ad38607,GS,TREND_FOLLOW,SHORT,2018-05-11 14:00:00,242.4305,43,2018-05-16 09:30:00,241.27,MAX_HOLD,247.19,232.92,Normal,49.901499999999345,45.62669972499935,4.274800275,KELLY_CRITERION
1cce5f7b,MS,TREND_FOLLOW,SHORT,2018-05-15 14:25:00,54.92,191,2018-05-21 09:30:00,54.43,MAX_HOLD,55.94,52.87,Normal,93.59000000000037,88.95971592500037,4.630284075,KELLY_CRITERION
e6f16b61,MS,ORB,SHORT,2018-05-30 09:55:00,50.24,336,2018-05-30 12:20:00,50.8998,STOP_HIT,50.8998,48.92,Normal,-221.692799999999,-229.214450631999,7.521650632000001,KELLY_CRITERION
07a6f412,CRM,ORB,SHORT,2018-05-30 09:55:00,129.7345,130,2018-05-30 15:55:00,129.29,EOD,132.55,124.1,Normal,57.78500000000065,50.95974325000065,6.82525675,KELLY_CRITERION
2d8a164a,GOOGL,TREND_FOLLOW,SHORT,2018-05-30 14:00:00,53.7625,195,2018-05-31 09:35:00,54.61,STOP_HIT,54.61,52.07,Normal,-165.26249999999933,-170.00300362499934,4.7405036250000006,KELLY_CRITERION
236dfd86,META,ORB,SHORT,2018-06-06 10:00:00,190.17,88,2018-06-06 15:55:00,191.42,EOD,192.53,185.45,Normal,-110.0,-116.7261324,6.726132399999998,KELLY_CRITERION
81d1828a,INTU,TREND_FOLLOW,SHORT,2018-06-06 14:00:00,207.3,50,2018-06-11 09:30:00,206.73,MAX_HOLD,210.99,199.92,Normal,28.50000000000108,24.23822125000108,4.26177875,KELLY_CRITERION
3a42f3ba,REGN,TREND_FOLLOW,LONG,2018-06-06 14:00:00,313.69,33,2018-06-07 14:00:00,306.44,STOP_HIT,306.44,328.2,Normal,-239.25,-243.139382,3.8893820000000003,KELLY_CRITERION
e5ea49fa,NFLX,ORB,SHORT,2018-06-25 10:05:00,39.2654,430,2018-06-25 15:55:00,38.449,EOD,40.599,36.6,Normal,351.0520000000007,343.7269160750007,7.3250839249999995,KELLY_CRITERION
c4ef3154,SBUX,TREND_FOLLOW,SHORT,2018-06-25 14:40:00,50.41,208,2018-06-28 12:15:00,47.65,TARGET_HIT,51.79,47.65,Normal,574.0799999999996,569.5699619999996,4.510038,KELLY_CRITERION
f75179ce,MMM,TREND_FOLLOW,SHORT,2018-06-25 15:30:00,162.9994,64,2018-06-27 09:50:00,165.56,STOP_HIT,165.56,157.88,Normal,-163.8783999999996,-168.2408095999996,4.3624096,KELLY_CRITERION
95069a02,REGN,TREND_FOLLOW,LONG,2018-07-02 14:00:00,347.83,30,2018-07-06 13:50:00,367.52,TARGET_HIT,337.98,367.52,Normal,590.6999999999999,586.4910399999999,4.208959999999999,KELLY_CRITERION
288ef34b,MA,TREND_FOLLOW,LONG,2018-07-02 14:00:00,197.31,53,2018-07-09 09:30:00,200.8,MAX_HOLD,193.69,204.55,Normal,184.97000000000048,180.8951600000005,4.074840000000001,KELLY_CRITERION
6482b030,AMZN,TREND_FOLLOW,LONG,2018-07-02 14:50:00,85.4,122,2018-07-09 09:30:00,86.188,MAX_HOLD,83.67,88.86,Normal,96.1359999999996,92.0287723999996,4.1072276,KELLY_CRITERION
5244dc67,GOOGL,TREND_FOLLOW,LONG,2018-07-09 14:00:00,58.0755,180,2018-07-16 09:30:00,60.1905,MAX_HOLD,56.81,60.61,Normal,380.7000000000004,376.27799850000036,4.4220015,KELLY_CRITERION
d20b597c,GS,TREND_FOLLOW,LONG,2018-07-09 14:00:00,226.96,46,2018-07-16 09:30:00,227.2,MAX_HOLD,222.57,235.74,Normal,11.039999999999111,7.032079999999111,4.00792,KELLY_CRITERION
010035f1,INTC,TREND_FOLLOW,LONG,2018-07-09 14:00:00,51.55,203,2018-07-16 09:30:00,52.15,MAX_HOLD,50.18,54.3,Normal,121.8000000000003,117.3842425000003,4.4157575,KELLY_CRITERION
a79214c4,SBUX,TREND_FOLLOW,SHORT,2018-07-16 14:00:00,50.96,206,2018-07-23 09:30:00,50.76,MAX_HOLD,51.83,49.22,Normal,41.200000000000585,36.49147860000058,4.7085214,KELLY_CRITERION
b125cd87,XOM,TREND_FOLLOW,SHORT,2018-07-16 14:00:00,82.365,127,2018-07-23 09:30:00,81.95,MAX_HOLD,83.64,79.82,Normal,52.70499999999899,48.30684712499899,4.398152875000001,KELLY_CRITERION
ed070d2c,NVDA,TREND_FOLLOW,LONG,2018-07-16 14:10:00,6.2281,1685,2018-07-23 09:30:00,6.2455,MAX_HOLD,6.07,6.55,Normal,29.318999999999015,24.635716374999014,4.683283625,KELLY_CRITERION
ee1eecbf,EBAY,PE_SHORT,SHORT,2018-07-19 09:30:00,35.17,568,2018-07-20 15:55:00,34.19,EOD,36.24,33.04,Calm,556.6400000000023,549.1595062400023,7.480493759999999,POSITION_LIMIT
3d12f973,AMD,ORB,LONG,2018-07-30 10:05:00,19.7,858,2018-07-30 12:45:00,19.33,STOP_HIT,19.33,20.44,Normal,-317.46000000000083,-324.26479900000083,6.804799,KELLY_CRITERION
ab6353f4,AMGN,TREND_FOLLOW,LONG,2018-07-30 14:00:00,190.69,55,2018-07-31 12:50:00,196.61,TARGET_HIT,187.73,196.61,Normal,325.6000000000009,321.46525750000086,4.1347425,KELLY_CRITERION
d79d5dd8,MA,TREND_FOLLOW,SHORT,2018-07-30 14:00:00,198.94,52,2018-08-06 09:30:00,201.0,MAX_HOLD,203.58,189.66,Normal,-107.12000000000012,-111.42577000000011,4.30577,KELLY_CRITERION
2f0a5e88,AMD,TREND_FOLLOW,LONG,2018-08-06 14:00:00,19.1494,548,2018-08-13 09:30:00,19.16,MAX_HOLD,18.25,20.94,Normal,5.80880000000009,1.1339120000000902,4.674888,KELLY_CRITERION
712990fd,INTC,TREND_FOLLOW,LONG,2018-08-06 14:00:00,49.07,213,2018-08-13 09:30:00,48.92,MAX_HOLD,47.71,51.79,Normal,-31.949999999999697,-36.342485999999695,4.392486,KELLY_CRITERION
d46c2964,V,TREND_FOLLOW,LONG,2018-08-06 15:30:00,139.72,75,2018-08-13 09:30:00,140.53,MAX_HOLD,137.37,144.43,Normal,60.75000000000017,56.71108750000017,4.0389125,KELLY_CRITERION
b4ca6835,NFLX,ORB,SHORT,2018-08-17 10:15:00,31.439,538,2018-08-17 15:55:00,31.678,EOD,32.4365,29.44,Normal,-128.58200000000042,-136.1205534100004,7.53855341,KELLY_CRITERION
a8bfbb20,ADBE,TREND_FOLLOW,LONG,2018-08-17 14:00:00,245.65,42,2018-08-22 09:30:00,250.59,MAX_HOLD,240.88,255.19,Normal,207.4799999999999,203.4463269999999,4.033673,KELLY_CRITERION
5da834bc,MS,TREND_FOLLOW,LONG,2018-08-17 14:00:00,48.42,216,2018-08-22 09:30:00,48.36,MAX_HOLD,47.59,50.07,Normal,-12.960000000000491,-17.372016000000492,4.412016,KELLY_CRITERION
5a4db5fe,SPY,STRESS_ORB,SHORT,2018-10-10 09:50:00,285.27,21,2018-10-10 14:05:00,281.99,TARGET_HIT,286.91,281.99,Stress,68.87999999999943,65.40216077499943,3.477839225,KELLY_CRITERION
9fcb2fa6,QQQ,STRESS_ORB,SHORT,2018-10-10 09:50:00,176.74,35,2018-10-10 15:40:00,172.98,TARGET_HIT,178.62,172.98,Stress,131.60000000000068,128.04953175000068,3.5504682499999993,KELLY_CRITERION
997f0b01,IWM,STRESS_MID,SHORT,2018-10-10 10:15:00,160.01,114,2018-10-10 14:00:00,159.04,TIME_STOP,160.91074999999998,158.20850000000002,Stress,110.57999999999987,100.59489959999988,9.985100399999999,KELLY_CRITERION
6e492896,MSFT,ORB,SHORT,2018-10-23 10:05:00,105.64,160,2018-10-23 13:25:00,107.77,STOP_HIT,107.77,101.38,Normal,-340.7999999999993,-347.90050799999926,7.100508,KELLY_CRITERION
91cd491c,MMM,ORB,SHORT,2018-10-23 10:10:00,155.1756,109,2018-10-23 12:30:00,160.075,STOP_HIT,160.075,145.38,Normal,-534.0345999999985,-541.0240410624984,6.989441062499999,KELLY_CRITERION
73865657,NVDA,TREND_FOLLOW,LONG,2018-10-23 14:00:00,5.55,1891,2018-10-24 11:20:00,5.25,STOP_HIT,5.25,6.16,Normal,-567.2999999999996,-571.7747124999996,4.4747125,KELLY_CRITERION
2b776007,GE,PE_SHORT,SHORT,2018-10-30 09:30:00,52.6328,192,2018-10-30 09:55:00,56.52,STOP_HIT,56.52,44.86,Stress,-746.3424,-752.7761856,6.4337856,VOLATILITY_TARGET
2d3edd4c,SBUX,TREND_FOLLOW,SHORT,2018-10-30 14:10:00,57.88,90,2018-11-02 09:30:00,59.91,STOP_HIT,59.91,53.82,Stress,-182.69999999999948,-185.9117772499995,3.2117772499999995,KELLY_CRITERION
d36f7b67,CVX,TREND_FOLLOW,LONG,2018-10-30 14:50:00,110.17,47,2018-11-05 09:30:00,116.62,MAX_HOLD,109.06,119.09,Stress,303.15000000000015,300.05943000000013,3.09057,KELLY_CRITERION
6f0f8837,AVGO,TREND_FOLLOW,SHORT,2018-10-31 14:00:00,22.409,234,2018-11-05 09:30:00,21.902,MAX_HOLD,23.55,20.13,Stress,118.63799999999951,115.0698966299995,3.56810337,KELLY_CRITERION
e8447167,AAPL,TREND_FOLLOW,SHORT,2018-11-06 14:00:00,50.7186,207,2018-11-12 09:30:00,49.75,MAX_HOLD,52.66,46.84,Normal,200.50020000000043,195.84774562500044,4.652454375,KELLY_CRITERION
68e49389,NFLX,TREND_FOLLOW,SHORT,2018-11-06 14:00:00,30.94,339,2018-11-08 09:50:00,33.0,STOP_HIT,33.0,26.83,Normal,-698.3399999999996,-703.6291974999996,5.2891975,KELLY_CRITERION
7f0c6a2f,MS,TREND_FOLLOW,LONG,2018-11-07 14:00:00,46.13,227,2018-11-12 09:30:00,45.52,MAX_HOLD,44.86,48.68,Normal,-138.46999999999986,-142.88106399999987,4.4110640000000005,KELLY_CRITERION
54ad7ae8,QQQ,STRESS_ORB,SHORT,2018-11-13 09:55:00,167.05,37,2018-11-13 11:00:00,168.48,STOP_HIT,168.48,164.19,Stress,-52.9099999999992,-56.5555233999992,3.6455233999999996,KELLY_CRITERION
b5d499f2,SPY,STRESS_ORB,SHORT,2018-11-13 10:00:00,272.82,22,2018-11-13 11:00:00,274.13,STOP_HIT,274.13,270.2,Stress,-28.82000000000005,-32.35556865000005,3.53556865,KELLY_CRITERION
5e048c4a,AMZN,GF_SHORT,SHORT,2018-11-14 10:30:00,82.1175,45,2018-11-14 11:40:00,80.87199999999999,TARGET_HIT,82.31103692307693,80.87199999999999,Normal,56.04750000000095,54.31491190000095,1.7325880999999999,KELLY_CRITERION
f6c30a41,META,TREND_FOLLOW,SHORT,2018-11-27 14:00:00,134.8997,38,2018-12-03 09:30:00,143.0,MAX_HOLD,141.86,120.99,Stress,-307.81140000000016,-311.03524500000015,3.223845,KELLY_CRITERION
8ae6c81f,REGN,TREND_FOLLOW,LONG,2018-11-27 14:00:00,354.015,14,2018-12-03 09:30:00,372.5,MAX_HOLD,337.65,386.74,Stress,258.7900000000002,255.83250000000018,2.9575,KELLY_CRITERION
6a1e0c5f,HON,TREND_FOLLOW,LONG,2018-11-27 14:00:00,134.4958,39,2018-12-03 09:30:00,141.3761,MAX_HOLD,131.45,141.62,Stress,268.3317000000002,265.2248660500002,3.1068339500000004,KELLY_CRITERION
538e7c99,EBAY,TREND_FOLLOW,SHORT,2018-12-12 14:00:00,29.04,180,2018-12-17 09:30:00,28.78,MAX_HOLD,30.19,26.74,Stress,46.79999999999964,43.40223899999964,3.397761,KELLY_CRITERION
41b25d36,GOOGL,TREND_FOLLOW,SHORT,2018-12-12 14:20:00,54.1505,96,2018-12-17 09:30:00,52.3505,MAX_HOLD,56.46,49.53,Stress,172.8000000000004,169.78025068000042,3.0197493199999994,KELLY_CRITERION
8d917cd2,MSFT,TREND_FOLLOW,SHORT,2018-12-12 15:30:00,109.63,47,2018-12-17 09:30:00,105.41,MAX_HOLD,114.44,100.0,Stress,198.33999999999995,195.36745757499995,2.972542424999999,KELLY_CRITERION
8d1b97b8,MU,PE_SHORT,SHORT,2018-12-19 09:30:00,31.66,267,2018-12-20 15:55:00,31.28,EOD,34.46,26.06,Stress,101.45999999999974,96.06788159999974,5.3921184,VOLATILITY_TARGET
4ad0ae20,MSFT,TREND_FOLLOW,SHORT,2018-12-20 14:00:00,100.19,104,2018-12-26 09:30:00,95.14,MAX_HOLD,103.89,92.78,Normal,525.1999999999997,521.0805235999997,4.1194764,KELLY_CRITERION
eb6068b9,GOOGL,TREND_FOLLOW,SHORT,2018-12-20 14:00:00,50.792,206,2018-12-26 09:30:00,49.8995,MAX_HOLD,52.57,47.24,Normal,183.85499999999965,179.21339538249964,4.6416046175,KELLY_CRITERION
c33813a3,AMAT,TREND_FOLLOW,SHORT,2018-12-20 14:00:00,30.92,339,2018-12-26 09:30:00,29.38,MAX_HOLD,32.36,28.04,Normal,522.060000000001,517.234062950001,4.82593705,KELLY_CRITERION
5faa7ccc,QQQ,STRESS_ORB,SHORT,2019-01-03 09:50:00,151.8699,41,2019-01-03 11:35:00,149.88,SAFETY_MODE,153.26,149.09,Stress,81.58590000000024,77.98637530000023,3.5995247,KELLY_CRITERION
45f22758,IWM,STRESS_ORB,SHORT,2019-01-03 09:50:00,132.8,47,2019-01-03 11:35:00,132.2,SAFETY_MODE,134.15,130.1,Stress,28.20000000000107,24.56326650000107,3.6367334999999996,KELLY_CRITERION
3361c0a2,SPY,STRESS_MID,SHORT,2019-01-03 10:15:00,245.48,74,2019-01-03 11:35:00,245.48,SAFETY_MODE,248.06781999999995,240.30436000000006,Stress,-0.0,-9.946741800000002,9.946741800000002,KELLY_CRITERION
3b0ea4bd,QQQ,STRESS_ORB,SHORT,2019-01-10 09:50:00,158.861,39,2019-01-10 10:20:00,159.72,STOP_HIT,159.72,157.14,Stress,-33.501000000000346,-37.14444470000035,3.6434447,KELLY_CRITERION
d301a39f,IWM,STRESS_ORB,SHORT,2019-01-10 09:50:00,141.5,44,2019-01-10 10:05:00,142.17,STOP_HIT,142.17,140.16,Stress,-29.47999999999945,-33.13834569999945,3.6583456999999995,KELLY_CRITERION
b99fa35b,XOM,TREND_FOLLOW,SHORT,2019-01-10 14:00:00,71.5621,73,2019-01-15 09:30:00,71.95,MAX_HOLD,74.77,65.15,Stress,-28.31670000000014,-31.45154962500014,3.1348496249999998,KELLY_CRITERION
e6ae7050,INTC,TREND_FOLLOW,SHORT,2019-01-17 14:00:00,48.27,217,2019-01-22 09:30:00,48.96,MAX_HOLD,49.6,45.62,Normal,-149.7299999999995,-154.5424957999995,4.8124958,KELLY_CRITERION
bd68f6c7,MMM,TREND_FOLLOW,SHORT,2019-01-17 14:00:00,158.9164,66,2019-01-18 09:30:00,162.34,STOP_HIT,162.34,152.06,Normal,-225.95759999999956,-230.36517109999957,4.4075711,KELLY_CRITERION
c6b2272b,CVX,TREND_FOLLOW,LONG,2019-01-18 14:00:00,114.6235,91,2019-01-23 09:30:00,112.38,MAX_HOLD,112.31,119.25,Normal,-204.15850000000106,-208.08780300000106,3.929303,KELLY_CRITERION
9eedc6ba,HON,TREND_FOLLOW,LONG,2019-01-24 14:15:00,132.705,79,2019-01-29 09:30:00,132.7521,MAX_HOLD,130.37,137.37,Normal,3.7209000000000287,-0.29969556499997196,4.020595565000001,KELLY_CRITERION
8b098228,JPM,TREND_FOLLOW,LONG,2019-01-24 14:20:00,102.5611,102,2019-01-29 09:30:00,103.88,MAX_HOLD,100.45,106.79,Normal,134.52779999999993,130.46228399999993,4.065516,KELLY_CRITERION
0a91bd59,EBAY,TREND_FOLLOW,LONG,2019-01-25 14:00:00,33.44,313,2019-01-30 09:30:00,33.97,MAX_HOLD,32.53,35.27,Normal,165.89000000000036,161.16858650000034,4.7214135,KELLY_CRITERION
c834651f,INTU,TREND_FOLLOW,LONG,2019-01-31 14:00:00,215.78,48,2019-02-05 09:30:00,221.43,MAX_HOLD,211.3,224.75,Normal,271.2000000000003,267.1299760000003,4.070024,KELLY_CRITERION
de523771,VRTX,TREND_FOLLOW,LONG,2019-01-31 14:00:00,189.755,55,2019-02-04 09:30:00,185.28,STOP_HIT,185.28,198.71,Normal,-246.1249999999997,-250.0416399999997,3.91664,KELLY_CRITERION
0dc6c4c3,AMD,TREND_FOLLOW,SHORT,2019-02-01 14:00:00,24.34,431,2019-02-06 09:30:00,23.63,MAX_HOLD,25.76,21.51,Normal,306.0100000000004,301.0812949250004,4.928705075,KELLY_CRITERION
dd0b4869,AMGN,TREND_FOLLOW,SHORT,2019-02-07 14:15:00,184.11,57,2019-02-12 09:30:00,187.33,MAX_HOLD,189.13,174.07,Normal,-183.53999999999994,-187.93198827499992,4.391988275,KELLY_CRITERION
4509fa3c,TSLA,TREND_FOLLOW,LONG,2019-02-08 14:00:00,20.3461,516,2019-02-13 09:30:00,20.8233,MAX_HOLD,19.55,21.94,Normal,246.2351999999999,241.4745120199999,4.76068798,KELLY_CRITERION
fba045cb,INTU,TREND_FOLLOW,LONG,2019-02-08 14:00:00,222.74,47,2019-02-13 09:30:00,230.0,MAX_HOLD,218.02,232.17,Normal,341.2199999999996,337.08649999999955,4.1335,KELLY_CRITERION
a63d0aa3,XOM,TREND_FOLLOW,LONG,2019-02-14 14:00:00,76.37,137,2019-02-19 09:30:00,77.56,MAX_HOLD,75.05,79.01,Normal,163.0299999999997,158.8314979999997,4.198502,KELLY_CRITERION
cab62acb,ADBE,TREND_FOLLOW,LONG,2019-02-15 14:00:00,259.13,40,2019-02-20 09:30:00,258.13,MAX_HOLD,254.16,269.07,Normal,-40.0,-43.96382,3.96382,KELLY_CRITERION
266ef62c,AMGN,TREND_FOLLOW,LONG,2019-02-15 14:00:00,187.0093,56,2019-02-20 09:30:00,187.19,MAX_HOLD,182.81,195.4,Normal,10.119200000000092,6.1002760000000915,4.018924,KELLY_CRITERION
f60ed796,INTU,TREND_FOLLOW,LONG,2019-02-21 14:00:00,236.01,44,2019-02-22 09:50:00,243.92,TARGET_HIT,232.05,243.92,Normal,348.03999999999985,343.9336319999999,4.106368,KELLY_CRITERION
742d1015,CRM,TREND_FOLLOW,LONG,2019-02-22 14:00:00,161.14,65,2019-02-27 09:30:00,162.29,MAX_HOLD,157.65,168.12,Normal,74.75000000000037,70.70790250000037,4.042097500000001,KELLY_CRITERION
fee53591,AVGO,TREND_FOLLOW,SHORT,2019-02-22 14:35:00,27.5046,381,2019-02-25 09:30:00,28.07,STOP_HIT,28.07,26.38,Normal,-215.41740000000013,-220.52893292500013,5.111532925000001,KELLY_CRITERION
782e559b,META,TREND_FOLLOW,SHORT,2019-03-11 14:00:00,172.635,60,2019-03-15 09:40:00,165.64,TARGET_HIT,176.13,165.64,Normal,419.7000000000003,415.58655400000026,4.113446000000001,KELLY_CRITERION
7ef44af2,ORCL,TREND_FOLLOW,LONG,2019-03-11 14:00:00,52.7595,199,2019-03-15 09:30:00,52.04,STOP_HIT,52.04,54.19,Normal,-143.1805000000007,-147.5015860000007,4.321085999999999,KELLY_CRITERION
a1b3ac73,NFLX,TREND_FOLLOW,LONG,2019-03-11 14:00:00,35.758,293,2019-03-18 09:30:00,36.247,MAX_HOLD,34.79,37.69,Normal,143.2769999999992,138.5598701499992,4.717129849999999,KELLY_CRITERION
2f97b6bb,REGN,TREND_FOLLOW,SHORT,2019-03-22 14:00:00,396.35,26,2019-03-27 09:30:00,405.07,MAX_HOLD,406.29,376.47,Normal,-226.71999999999923,-231.05083204999923,4.33083205,KELLY_CRITERION
55574684,XOM,TREND_FOLLOW,SHORT,2019-03-22 14:00:00,80.71,130,2019-03-27 09:30:00,80.97,MAX_HOLD,81.86,78.41,Normal,-33.800000000000665,-38.253952750000664,4.45395275,KELLY_CRITERION
5e117fe6,BIIB,TREND_FOLLOW,SHORT,2019-03-22 14:00:00,219.905,47,2019-03-26 13:15:00,232.83,STOP_HIT,232.83,194.06,Normal,-607.4750000000006,-611.9651512750006,4.490151275,KELLY_CRITERION
e91e5bee,TSLA,TREND_FOLLOW,LONG,2019-03-29 14:00:00,18.488,567,2019-04-03 09:30:00,19.1547,MAX_HOLD,17.89,19.68,Normal,378.0188999999993,373.2176497849993,4.801250215,KELLY_CRITERION
decf7a05,GOOGL,TREND_FOLLOW,SHORT,2019-03-29 14:00:00,58.623,179,2019-04-01 09:30:00,59.62,STOP_HIT,59.62,56.64,Normal,-178.46299999999997,-183.15307744999996,4.69007745,KELLY_CRITERION
38261c92,INTU,TREND_FOLLOW,LONG,2019-03-29 14:00:00,260.71,40,2019-04-03 09:30:00,270.23,MAX_HOLD,256.32,269.49,Normal,380.80000000000155,376.66678000000155,4.133220000000001,KELLY_CRITERION
6beea0c1,GOOGL,PE_SHORT,SHORT,2019-04-30 09:30:00,59.5315,335,2019-05-01 15:55:00,58.6685,EOD,60.77,57.06,Calm,289.10499999999985,281.59318021999985,7.511819780000001,POSITION_LIMIT
ca01f7fb,EBAY,TREND_FOLLOW,SHORT,2019-05-06 14:00:00,37.79,277,2019-05-13 09:30:00,36.55,MAX_HOLD,38.6,36.17,Normal,343.48000000000053,338.63454287500053,4.845457124999999,KELLY_CRITERION
87edc5b6,CRM,TREND_FOLLOW,LONG,2019-05-06 14:00:00,161.06,65,2019-05-07 10:50:00,157.55,STOP_HIT,157.55,168.09,Normal,-228.1499999999994,-232.0842624999994,3.9342625,KELLY_CRITERION
81b1401d,QCOM,TREND_FOLLOW,LONG,2019-05-06 15:30:00,88.38,118,2019-05-09 09:30:00,83.81,STOP_HIT,83.81,97.51,Normal,-539.2599999999992,-543.1343529999992,3.8743529999999997,KELLY_CRITERION
1647fd71,SPY,STRESS_ORB,SHORT,2019-05-13 09:50:00,282.01,22,2019-05-13 15:55:00,280.96,EOD,283.49,279.05,Stress,23.10000000000025,19.48516920000025,3.6148307999999996,KELLY_CRITERION
8b63e211,QQQ,STRESS_ORB,SHORT,2019-05-13 09:50:00,179.81,34,2019-05-13 15:55:00,178.56,EOD,181.26,176.91,Stress,42.5,38.9408964,3.5591035999999994,KELLY_CRITERION
fc8e2acb,IWM,STRESS_MID,SHORT,2019-05-13 10:15:00,152.67,120,2019-05-13 14:00:00,152.05,TIME_STOP,154.02387,149.96226,Stress,74.39999999999714,64.33183499999714,10.068165,KELLY_CRITERION
49e75b8d,IWM,STRESS_MID,SHORT,2019-05-20 10:15:00,151.63,121,2019-05-20 10:35:00,152.32216999999997,STOP_HIT,152.32216999999997,150.24566000000004,Stress,-83.75256999999709,-93.9220083056721,10.169438305674998,KELLY_CRITERION
a5b7ca87,AMGN,TREND_FOLLOW,LONG,2019-05-20 14:00:00,168.94,31,2019-05-28 09:30:00,171.56,MAX_HOLD,163.89,180.05,Stress,81.22000000000014,78.21082000000014,3.0091799999999997,KELLY_CRITERION
d91e46b4,V,TREND_FOLLOW,SHORT,2019-05-20 14:50:00,163.195,32,2019-05-28 09:30:00,163.4,MAX_HOLD,168.03,153.53,Stress,-6.5600000000004,-9.674432000000401,3.114432,KELLY_CRITERION
e2908377,AMD,ORB,LONG,2019-05-28 09:55:00,28.14,601,2019-05-28 15:55:00,29.035,EOD,27.06,30.3,Normal,537.8949999999998,530.7874877499997,7.10751225,KELLY_CRITERION
5b60ab9d,GOOGL,TREND_FOLLOW,SHORT,2019-05-28 14:00:00,57.3585,183,2019-06-03 09:30:00,53.3465,MAX_HOLD,58.6,54.87,Normal,734.1960000000001,729.8345054137501,4.36149458625,KELLY_CRITERION
9bf9dd62,EBAY,TREND_FOLLOW,SHORT,2019-05-28 14:00:00,36.37,288,2019-06-03 09:30:00,35.85,MAX_HOLD,37.15,34.8,Normal,149.75999999999885,144.80622799999884,4.953772000000001,KELLY_CRITERION
b37a9d60,PANW,PE_SHORT,SHORT,2019-05-30 09:30:00,33.85,441,2019-05-31 15:55:00,33.3433,EOD,35.55,30.44,Normal,223.45470000000094,216.81779577425095,6.63690422575,VOLATILITY_TARGET
88f81189,IWM,STRESS_MID,SHORT,2019-06-04 10:15:00,147.86,124,2019-06-04 11:00:00,148.56841999999997,STOP_HIT,148.56841999999997,146.4431600000001,Stress,-87.84407999999519,-98.02012035219519,10.1760403522,KELLY_CRITERION
010e3521,EBAY,TREND_FOLLOW,LONG,2019-06-04 15:05:00,36.74,142,2019-06-10 09:30:00,37.66,MAX_HOLD,36.12,38.74,Stress,130.63999999999925,127.46913999999924,3.1708599999999993,KELLY_CRITERION
b9d7cc3d,SPY,STRESS_ORB,SHORT,2019-06-05 09:50:00,281.2485,22,2019-06-05 13:05:00,282.39,STOP_HIT,282.39,278.97,Stress,-25.11300000000017,-28.74442595000017,3.6314259499999997,KELLY_CRITERION
f71d7b2a,AVGO,PE_SHORT,SHORT,2019-06-14 09:30:00,25.811,636,2019-06-17 15:55:00,26.597,EOD,26.99,23.44,Calm,-499.89600000000087,-506.56836697600085,6.672366975999999,VOLATILITY_TARGET
5648f38d,TSLA,TREND_FOLLOW,LONG,2019-06-24 14:00:00,14.96,701,2019-07-01 09:30:00,15.3473,MAX_HOLD,14.33,16.23,Normal,271.4972999999998,266.7318399449998,4.765460055,KELLY_CRITERION
6dc47f39,AVGO,TREND_FOLLOW,LONG,2019-06-24 14:00:00,27.888,376,2019-07-01 09:30:00,30.168,MAX_HOLD,26.92,29.82,Normal,857.2799999999991,852.309891199999,4.9701088,KELLY_CRITERION
291f4dac,ADBE,TREND_FOLLOW,SHORT,2019-06-24 14:00:00,300.14,34,2019-06-25 14:35:00,287.22,TARGET_HIT,306.6,287.22,Normal,439.2799999999986,435.23690129999864,4.043098700000001,KELLY_CRITERION
66e3c22e,INTC,ORB,SHORT,2019-07-01 09:55:00,48.36,349,2019-07-01 15:55:00,48.07,EOD,49.45,46.18,Normal,101.2099999999997,93.8088426749997,7.401157325000001,KELLY_CRITERION
d3e69a00,AMAT,TREND_FOLLOW,SHORT,2019-07-01 14:00:00,45.35,231,2019-07-08 09:30:00,43.16,MAX_HOLD,46.64,42.78,Normal,505.8900000000011,501.27279510000113,4.6172049,KELLY_CRITERION
5894d2f4,ADBE,TREND_FOLLOW,SHORT,2019-07-01 14:20:00,300.86,34,2019-07-08 09:30:00,302.76,MAX_HOLD,307.18,288.23,Normal,-64.59999999999923,-68.84255459999923,4.2425546,KELLY_CRITERION
7337806b,AMD,PE_SHORT,SHORT,2019-07-31 09:30:00,32.08,503,2019-08-01 14:20:00,29.11,TARGET_HIT,33.57,29.11,Calm,1493.9099999999994,1488.0092307599994,5.900769240000001,VOLATILITY_TARGET
0f52e8dd,VRTX,ORB,LONG,2019-08-01 10:10:00,177.675,95,2019-08-01 13:25:00,179.0,SAFETY_MODE,170.13,192.77,Normal,125.87499999999892,119.57324999999892,6.30175,KELLY_CRITERION
333272ef,EBAY,TREND_FOLLOW,SHORT,2019-08-01 15:05:00,41.08,255,2019-08-05 12:40:00,39.2,TARGET_HIT,42.02,39.2,Normal,479.39999999999884,474.68428499999885,4.715714999999999,KELLY_CRITERION
b279ee43,VRTX,TREND_FOLLOW,LONG,2019-08-01 15:15:00,178.78,58,2019-08-05 15:00:00,174.1,STOP_HIT,174.1,188.15,Normal,-271.4400000000004,-275.3242300000004,3.8842299999999996,KELLY_CRITERION
753bd1df,IWM,STRESS_ORB,SHORT,2019-08-12 09:50:00,148.95,41,2019-08-12 15:55:00,148.64,EOD,150.12,146.61,Stress,12.710000000000093,9.137293400000093,3.5727066,KELLY_CRITERION
888340ca,MA,TREND_FOLLOW,SHORT,2019-08-12 14:00:00,270.86,19,2019-08-19 09:30:00,277.0,MAX_HOLD,281.79,249.0,Stress,-116.65999999999974,-119.78993749999974,3.1299375,KELLY_CRITERION
067475e5,V,TREND_FOLLOW,SHORT,2019-08-12 14:00:00,176.8989,29,2019-08-19 09:30:00,180.42,MAX_HOLD,182.93,164.84,Stress,-102.11189999999971,-105.2275299499997,3.1156299499999993,KELLY_CRITERION
28e5cf83,COST,TREND_FOLLOW,LONG,2019-08-22 14:00:00,279.89,37,2019-08-23 15:50:00,273.89,STOP_HIT,273.89,291.88,Normal,-222.0,-225.8968755,3.8968755,KELLY_CRITERION
086c8426,ADBE,TREND_FOLLOW,LONG,2019-08-22 14:00:00,287.9,36,2019-08-27 09:30:00,290.66,MAX_HOLD,279.97,303.75,Normal,99.36000000000172,95.34768400000172,4.012316,KELLY_CRITERION
890e9faf,CRM,TREND_FOLLOW,LONG,2019-08-22 14:00:00,147.959,70,2019-08-23 09:30:00,155.65,TARGET_HIT,144.11,155.65,Normal,538.3700000000001,534.2065750000002,4.163425,KELLY_CRITERION
e8383a9d,AAPL,TREND_FOLLOW,LONG,2019-08-29 14:00:00,52.2225,100,2019-09-03 09:30:00,51.6075,MAX_HOLD,50.22,56.22,Stress,-61.49999999999949,-64.43037499999949,2.930375,KELLY_CRITERION
333ba7ba,REGN,TREND_FOLLOW,LONG,2019-08-29 14:00:00,290.185,18,2019-09-03 09:30:00,289.2,MAX_HOLD,277.61,315.33,Stress,-17.730000000000246,-20.682800000000245,2.9528,KELLY_CRITERION
6b28c8aa,CSCO,TREND_FOLLOW,LONG,2019-08-29 14:00:00,47.415,110,2019-09-03 09:30:00,46.63,MAX_HOLD,45.06,52.12,Stress,-86.34999999999962,-89.29964999999963,2.94965,KELLY_CRITERION
1e19c39e,JPM,ORB,LONG,2019-09-05 10:10:00,113.34,149,2019-09-05 15:55:00,112.33,EOD,111.2,117.62,Normal,-150.49000000000075,-156.86950950000076,6.379509499999999,KELLY_CRITERION
ca04bbf0,GS,ORB,LONG,2019-09-05 10:15:00,208.46,81,2019-09-05 15:55:00,207.13,EOD,205.04,215.3,Normal,-107.73000000000101,-113.95213550000102,6.2221355,KELLY_CRITERION
7b941f9b,AMZN,TREND_FOLLOW,LONG,2019-09-05 14:00:00,91.765,114,2019-09-05 15:55:00,92.0165,CIRCUIT_BREAKER,90.21,94.87,Normal,28.670999999999196,24.600541649999197,4.07045835,KELLY_CRITERION
45f1c4cd,AMD,TREND_FOLLOW,SHORT,2019-10-01 14:00:00,28.735,365,2019-10-07 09:30:00,28.9,MAX_HOLD,29.68,26.84,Normal,-60.22499999999969,-65.27823374999969,5.05323375,KELLY_CRITERION
0c4ea851,GOOGL,TREND_FOLLOW,SHORT,2019-10-01 14:00:00,60.4149,173,2019-10-03 10:00:00,58.35,TARGET_HIT,61.45,58.35,Normal,357.22770000000025,352.77777237500027,4.449927625000001,KELLY_CRITERION
47630657,ORCL,TREND_FOLLOW,SHORT,2019-10-01 14:00:00,54.185,193,2019-10-07 09:30:00,55.07,MAX_HOLD,55.47,51.62,Normal,-170.8049999999996,-175.53039752499961,4.725397524999999,KELLY_CRITERION
5e902938,QQQ,STRESS_ORB,SHORT,2019-10-08 09:50:00,186.26,33,2019-10-08 12:45:00,187.195,STOP_HIT,187.195,184.39,Stress,-30.855000000000075,-34.47003196250007,3.6150319625000003,KELLY_CRITERION
2c6ec96d,IWM,STRESS_ORB,SHORT,2019-10-08 09:50:00,146.675,42,2019-10-08 14:35:00,147.58,STOP_HIT,147.58,144.86,Stress,-38.01000000000005,-41.63782490000005,3.6278249000000002,KELLY_CRITERION
444401f0,SPY,STRESS_MID,SHORT,2019-10-08 10:15:00,289.77,63,2019-10-08 12:45:00,290.66037,STOP_HIT,290.66037,287.98925999999994,Stress,-56.09331000000117,-66.11496574602617,10.021655746024999,KELLY_CRITERION
1acfe8c5,JPM,ORB,LONG,2019-10-15 10:15:00,119.45,141,2019-10-15 15:55:00,119.92,EOD,117.87,122.61,Normal,66.26999999999984,59.85844799999984,6.411552,KELLY_CRITERION
f5e3d930,GOOGL,TREND_FOLLOW,LONG,2019-10-15 14:00:00,62.1945,168,2019-10-21 09:30:00,62.435,MAX_HOLD,61.12,64.34,Normal,40.404000000000735,36.14482200000074,4.259178,KELLY_CRITERION
122699eb,CSCO,TREND_FOLLOW,LONG,2019-10-15 14:15:00,46.56,225,2019-10-21 09:30:00,47.14,MAX_HOLD,45.43,48.83,Normal,130.4999999999996,126.0002249999996,4.499775,KELLY_CRITERION
3c1095e7,BIIB,ORB,SHORT,2019-10-22 10:15:00,300.3442,42,2019-10-22 15:55:00,282.0,EOD,318.0,265.03,Normal,770.4564,765.6271,4.8293,VOLATILITY_TARGET
0469ee9d,AAPL,TREND_FOLLOW,LONG,2019-10-22 14:00:00,60.4906,173,2019-10-28 09:30:00,61.855,MAX_HOLD,59.5,62.46,Normal,236.04119999999935,231.69037974999935,4.35082025,KELLY_CRITERION
dd5325e7,AVGO,TREND_FOLLOW,SHORT,2019-10-22 14:00:00,28.885,363,2019-10-28 09:30:00,29.116,MAX_HOLD,29.46,27.73,Normal,-83.85299999999931,-88.9136232699993,5.06062327,KELLY_CRITERION
b9fa3e0f,EBAY,PE_SHORT,SHORT,2019-10-24 09:30:00,35.77,559,2019-10-25 15:55:00,35.84,EOD,36.67,33.97,Calm,-39.13000000000016,-46.81034068000016,7.6803406800000005,POSITION_LIMIT
63336afe,PANW,PE_SHORT,SHORT,2019-11-26 09:30:00,38.0,526,2019-11-27 15:55:00,37.0433,EOD,39.16,35.68,Calm,503.22419999999886,495.73062353759883,7.4935764624,POSITION_LIMIT
9fb5b21b,MSFT,ORB,LONG,2019-12-03 10:20:00,148.22,114,2019-12-03 15:55:00,149.32,EOD,146.65,151.36,Normal,125.39999999999935,119.04313199999935,6.3568679999999995,KELLY_CRITERION
55ce0cf3,MS,TREND_FOLLOW,LONG,2019-12-03 14:00:00,47.83,219,2019-12-05 09:55:00,49.26,TARGET_HIT,47.11,49.26,Normal,313.16999999999996,308.62772099999995,4.542279,KELLY_CRITERION
13f125cb,JPM,TREND_FOLLOW,LONG,2019-12-03 14:55:00,129.38,81,2019-12-04 13:50:00,132.22,TARGET_HIT,127.96,132.22,Normal,230.04000000000028,225.9415630000003,4.0984370000000006,KELLY_CRITERION
bd75e61e,ADBE,TREND_FOLLOW,SHORT,2019-12-10 14:00:00,305.17,34,2019-12-13 09:30:00,309.85,STOP_HIT,309.85,295.8,Normal,-159.12000000000023,-163.45355475000022,4.333554750000001,KELLY_CRITERION
82d7ffb2,MS,TREND_FOLLOW,SHORT,2019-12-10 14:00:00,49.765,210,2019-12-12 10:20:00,50.52,STOP_HIT,50.52,48.25,Normal,-158.55000000000052,-163.33092300000052,4.780923,KELLY_CRITERION
374a4764,GS,TREND_FOLLOW,SHORT,2019-12-10 14:00:00,222.015,47,2019-12-12 10:10:00,225.76,STOP_HIT,225.76,214.52,Normal,-176.0150000000002,-180.37971180000022,4.3647118,KELLY_CRITERION
cdd1ab1c,AVGO,TREND_FOLLOW,SHORT,2020-01-08 14:00:00,31.016,338,2020-01-10 12:00:00,29.98,TARGET_HIT,31.53,29.98,Normal,350.16799999999927,345.27679189999924,4.8912081,KELLY_CRITERION
7effc938,VRTX,TREND_FOLLOW,LONG,2020-01-08 14:50:00,231.27,45,2020-01-13 09:30:00,229.38,MAX_HOLD,227.12,239.56,Normal,-85.05000000000067,-89.01273500000066,3.9627350000000003,KELLY_CRITERION
ccb1059d,AMD,TREND_FOLLOW,LONG,2020-01-08 15:00:00,48.135,218,2020-01-13 09:30:00,48.66,MAX_HOLD,46.74,50.93,Normal,114.44999999999969,109.97424199999969,4.475758,KELLY_CRITERION
d07d87a0,REGN,ORB,SHORT,2020-01-27 10:10:00,337.0,50,2020-01-27 11:30:00,342.25,STOP_HIT,342.25,326.5,Normal,-262.5,-269.31971875,6.819718750000001,KELLY_CRITERION
c7bc4669,NVDA,TREND_FOLLOW,LONG,2020-01-27 14:00:00,6.0273,1742,2020-01-31 15:40:00,5.87,STOP_HIT,5.87,6.35,Normal,-274.0166000000004,-278.5955390000004,4.578939,KELLY_CRITERION
56c42738,TXN,TREND_FOLLOW,SHORT,2020-01-27 14:00:00,127.54,82,2020-01-31 10:15:00,121.71,TARGET_HIT,130.45,121.71,Normal,478.060000000001,473.926476950001,4.133523050000001,KELLY_CRITERION
ff454f66,MS,TREND_FOLLOW,LONG,2020-02-03 14:00:00,52.98,99,2020-02-10 09:30:00,54.68,MAX_HOLD,51.37,57.49,Stress,168.3000000000003,165.2433400000003,3.05666,KELLY_CRITERION
1f195a1a,EBAY,TREND_FOLLOW,LONG,2020-02-03 14:00:00,34.2,153,2020-02-04 14:40:00,36.73,TARGET_HIT,32.94,36.73,Stress,387.08999999999907,383.74465499999906,3.3453449999999996,KELLY_CRITERION
9d371f4c,GS,TREND_FOLLOW,LONG,2020-02-03 14:00:00,240.58,21,2020-02-10 09:30:00,237.4,MAX_HOLD,232.42,256.9,Stress,-66.78000000000014,-69.62270000000014,2.8427,KELLY_CRITERION
87e74e2a,META,TREND_FOLLOW,SHORT,2020-02-10 14:00:00,212.02,49,2020-02-18 09:30:00,213.55,MAX_HOLD,217.46,201.14,Normal,-74.97000000000006,-79.27969612500006,4.309696125,KELLY_CRITERION
3ea8034b,XOM,TREND_FOLLOW,SHORT,2020-02-10 14:00:00,59.765,175,2020-02-12 09:30:00,61.27,STOP_HIT,61.27,56.76,Normal,-263.37500000000045,-268.0692743750005,4.694274374999999,KELLY_CRITERION
afc10e91,MU,TREND_FOLLOW,SHORT,2020-02-10 14:00:00,56.88,184,2020-02-11 09:50:00,58.81,STOP_HIT,58.81,53.03,Normal,-355.11999999999995,-359.88482259999995,4.7648226,KELLY_CRITERION
8eb82d94,HON,TREND_FOLLOW,LONG,2020-02-24 14:00:00,165.4288,31,2020-02-25 13:00:00,161.39,STOP_HIT,161.39,173.5,Stress,-125.20280000000028,-128.05434500000027,2.8515449999999998,KELLY_CRITERION
cb41d11f,PANW,PE_SHORT,SHORT,2020-02-25 09:30:00,33.6667,571,2020-02-26 15:55:00,31.5892,EOD,34.98,31.04,Stress,1186.2524999999982,1175.6264089869983,10.626091012999998,VOLATILITY_TARGET
3a96f888,IWM,STRESS_ORB,SHORT,2020-02-25 10:15:00,160.6,38,2020-02-25 14:10:00,156.28,TARGET_HIT,162.76,156.28,Stress,164.15999999999974,160.66995739999973,3.4900425999999998,KELLY_CRITERION
0c36f4a1,SPY,STRESS_MID,SHORT,2020-02-25 10:15:00,322.09,57,2020-02-25 10:50:00,318.48286,TARGET_HIT,323.89356999999995,318.48286,Stress,205.60697999999763,195.66988160694763,9.93709839305,KELLY_CRITERION
f18d43b6,COST,PE_SHORT,SHORT,2020-03-12 09:30:00,280.44,34,2020-03-13 15:55:00,302.69,EOD,301.88,237.56,Crisis,-756.5,-756.5,0.0,VOLATILITY_TARGET
e733fdb4,SPY,STRESS_ORB,SHORT,2020-04-28 09:55:00,289.48,21,2020-04-28 10:55:00,285.64,TARGET_HIT,291.4,285.64,Stress,80.64000000000067,77.12172790000066,3.5182721,KELLY_CRITERION
2475f2a8,QQQ,STRESS_ORB,SHORT,2020-04-28 09:55:00,215.47,29,2020-04-28 12:15:00,211.77,TARGET_HIT,217.32,211.77,Stress,107.29999999999967,103.70479342499966,3.595206575,KELLY_CRITERION
7558b370,IWM,STRESS_MID,SHORT,2020-04-28 10:15:00,130.225,141,2020-04-28 10:50:00,127.95254000000003,TARGET_HIT,131.36122999999998,127.95254000000003,Stress,320.4168599999953,310.3790749561453,10.037785043850002,KELLY_CRITERION
7db72015,GS,TREND_FOLLOW,SHORT,2020-05-05 14:00:00,180.79,29,2020-05-11 09:30:00,182.54,MAX_HOLD,190.34,161.68,Stress,-50.75,-53.89806065,3.14806065,KELLY_CRITERION
ad916df0,SPY,STRESS_ORB,SHORT,2020-05-06 09:50:00,286.53,21,2020-05-06 15:55:00,284.29,EOD,288.46,282.67,Stress,47.039999999999,43.536682524998994,3.503317475,KELLY_CRITERION
c6623e7c,IWM,STRESS_ORB,SHORT,2020-05-06 09:50:00,126.21,49,2020-05-06 15:55:00,125.6,EOD,128.2,122.23,Stress,29.889999999999972,26.283998999999973,3.6060010000000005,KELLY_CRITERION
8c4c8668,SPY,STRESS_ORB,SHORT,2020-05-12 09:50:00,291.7,21,2020-05-12 15:55:00,286.62,EOD,294.24,286.62,Stress,106.67999999999967,103.15087194999967,3.52912805,KELLY_CRITERION
c87038aa,IWM,STRESS_MID,SHORT,2020-05-13 10:15:00,125.07,146,2020-05-13 11:20:00,122.9982402,TARGET_HIT,126.10587989999999,122.9982402,Stress,302.4769307999993,292.4647513309963,10.012179469003,KELLY_CRITERION
8c1c06c8,GS,TREND_FOLLOW,SHORT,2020-05-13 14:00:00,171.02,30,2020-05-18 09:30:00,177.71,MAX_HOLD,180.08,152.9,Stress,-200.69999999999993,-203.86811074999994,3.16811075,KELLY_CRITERION
001f2d6d,JPM,TREND_FOLLOW,SHORT,2020-05-19 14:00:00,89.913,58,2020-05-26 09:30:00,92.89,MAX_HOLD,94.92,79.9,Stress,-172.66600000000022,-175.86927955000021,3.2032795499999995,KELLY_CRITERION
8eaf872a,NFLX,TREND_FOLLOW,SHORT,2020-05-20 14:00:00,44.72,117,2020-05-26 09:30:00,42.777,MAX_HOLD,46.67,40.82,Stress,227.33099999999973,224.25859550249973,3.0724044975000004,KELLY_CRITERION
d669deec,QQQ,STRESS_ORB,SHORT,2020-05-21 10:00:00,230.41,27,2020-05-21 15:55:00,228.87,EOD,232.135,226.96,Stress,41.579999999999785,37.96505402499979,3.6149459749999995,KELLY_CRITERION
0acc0a17,QQQ,STRESS_ORB,SHORT,2020-05-26 09:50:00,232.05,26,2020-05-26 15:40:00,229.01,TARGET_HIT,233.57,229.01,Stress,79.04000000000053,75.54405785000053,3.49594215,KELLY_CRITERION
52d57e22,SPY,STRESS_ORB,SHORT,2020-05-27 09:50:00,299.6801,20,2020-05-27 15:35:00,302.22,STOP_HIT,302.22,294.6,Stress,-50.79800000000091,-54.34032100000091,3.5423210000000003,KELLY_CRITERION
4bf5910d,IWM,STRESS_MID,SHORT,2020-05-28 10:15:00,142.535,128,2020-05-28 11:05:00,143.86872499999998,STOP_HIT,143.86872499999998,139.86755000000002,Stress,-170.71679999999833,-180.90377631199834,10.186976311999999,KELLY_CRITERION
68979c43,MSFT,TREND_FOLLOW,LONG,2020-06-02 14:00:00,183.4326,57,2020-06-08 09:30:00,185.94,MAX_HOLD,179.15,191.99,Normal,142.92179999999942,138.86229699999942,4.059502999999999,KELLY_CRITERION
2cb0887d,TSLA,TREND_FOLLOW,LONG,2020-06-03 14:00:00,59.1388,177,2020-06-08 09:30:00,61.2667,MAX_HOLD,57.09,63.25,Normal,376.63829999999945,372.2233279349995,4.414972065000001,KELLY_CRITERION
7d08b834,INTU,TREND_FOLLOW,LONG,2020-06-04 14:00:00,284.5608,36,2020-06-05 09:30:00,276.53,STOP_HIT,276.53,300.62,Normal,-289.1088,-292.94307799999996,3.8342779999999994,KELLY_CRITERION
e2bb1eb7,IWM,STRESS_ORB,SHORT,2020-06-09 10:05:00,149.4,41,2020-06-09 13:35:00,151.4,STOP_HIT,151.4,145.4,Stress,-82.0,-85.6323985,3.6323985000000008,KELLY_CRITERION
a6404d86,SPY,STRESS_ORB,SHORT,2020-06-10 09:50:00,319.86,19,2020-06-10 14:00:00,321.78,STOP_HIT,321.78,316.02,Stress,-36.47999999999922,-40.058745049999224,3.5787450499999998,KELLY_CRITERION
fe1a2f60,GS,TREND_FOLLOW,SHORT,2020-06-18 14:00:00,203.65,25,2020-06-23 09:30:00,206.5,MAX_HOLD,216.16,178.63,Stress,-71.24999999999986,-74.32809374999985,3.07809375,KELLY_CRITERION
8a48923e,MU,TREND_FOLLOW,SHORT,2020-06-18 14:00:00,50.23,104,2020-06-23 09:30:00,50.69,MAX_HOLD,53.75,43.19,Stress,-47.84000000000009,-51.00513340000009,3.1651334,KELLY_CRITERION
ff93cbdf,COST,TREND_FOLLOW,SHORT,2020-06-18 14:20:00,298.56,17,2020-06-23 09:30:00,301.73,MAX_HOLD,306.16,283.36,Stress,-53.89000000000027,-56.949078775000274,3.0590787749999997,KELLY_CRITERION
2a5b42bc,AAPL,TREND_FOLLOW,SHORT,2020-06-25 14:00:00,90.41,58,2020-06-30 09:30:00,90.02,MAX_HOLD,94.27,82.68,Stress,22.620000000000033,19.504528100000034,3.1154719,KELLY_CRITERION
fc9997c4,V,TREND_FOLLOW,SHORT,2020-06-25 14:30:00,191.82,27,2020-06-30 09:30:00,191.49,MAX_HOLD,199.39,176.68,Stress,8.90999999999957,5.82743867499957,3.0825613250000004,KELLY_CRITERION
e200f188,AMAT,TREND_FOLLOW,SHORT,2020-06-25 14:55:00,59.3813,88,2020-06-30 09:30:00,59.12,MAX_HOLD,62.54,53.07,Stress,22.994400000000496,19.882889600000496,3.1115104,KELLY_CRITERION
74f9d7b9,AAPL,TREND_FOLLOW,SHORT,2020-07-02 14:00:00,91.5775,57,2020-07-07 09:30:00,93.8525,MAX_HOLD,94.87,84.99,Stress,-129.67500000000032,-132.85802504375033,3.1830250437500003,KELLY_CRITERION
51cddf8c,IWM,GF_SHORT,SHORT,2020-07-06 10:30:00,143.75,26,2020-07-06 13:30:00,143.51,TIME_STOP,144.93268923076923,140.96999999999997,Normal,6.2400000000002365,4.4763793500002365,1.7636206499999998,KELLY_CRITERION
1643ba1b,AVGO,TREND_FOLLOW,SHORT,2020-07-06 14:00:00,31.898,329,2020-07-13 09:30:00,32.168,MAX_HOLD,32.73,30.23,Normal,-88.82999999999986,-93.88934017999986,5.0593401799999995,KELLY_CRITERION
3e7a780f,MSFT,GF_SHORT,SHORT,2020-07-09 10:30:00,214.45,17,2020-07-09 12:05:00,213.47595692307692,STOP_HIT,213.47595692307692,211.15499999999997,Normal,16.55873230769214,14.835435354138294,1.7232969535538458,KELLY_CRITERION
1048fa9e,META,TREND_FOLLOW,SHORT,2020-07-13 14:00:00,245.39,42,2020-07-20 09:30:00,240.06,MAX_HOLD,254.65,226.87,Normal,223.85999999999933,219.69565869999934,4.1643413,KELLY_CRITERION
413673cc,MSFT,TREND_FOLLOW,SHORT,2020-07-13 14:00:00,213.78,49,2020-07-14 09:30:00,204.17,TARGET_HIT,218.59,204.17,Normal,470.89000000000067,466.75381042500067,4.1361895749999995,KELLY_CRITERION
9a998c40,GILD,TREND_FOLLOW,LONG,2020-07-16 14:40:00,76.41,137,2020-07-21 09:30:00,77.35,MAX_HOLD,74.64,79.96,Normal,128.7799999999997,124.59156749999968,4.188432499999999,KELLY_CRITERION
694c0951,TXN,TREND_FOLLOW,LONG,2020-07-20 14:00:00,135.78,77,2020-07-22 09:30:00,134.5,STOP_HIT,134.5,142.04,Normal,-98.56000000000009,-102.53477500000008,3.974775,KELLY_CRITERION
abcbcfd2,VRTX,TREND_FOLLOW,LONG,2020-07-20 14:45:00,301.3,34,2020-07-21 11:50:00,292.18,STOP_HIT,292.18,319.55,Normal,-310.08000000000015,-313.90694200000013,3.826942,KELLY_CRITERION
7f980346,TSLA,ORB,SHORT,2020-07-23 10:15:00,103.9962,87,2020-07-23 15:55:00,100.912,EOD,112.6,86.79,Normal,268.3253999999996,264.6442326399996,3.68116736,VOLATILITY_TARGET
16ecfff4,INTC,PE_SHORT,SHORT,2020-07-24 09:30:00,52.15,301,2020-07-27 15:55:00,49.5655,EOD,54.64,47.18,Normal,777.9344999999995,771.2438011487495,6.69069885125,VOLATILITY_TARGET
c6195175,BIIB,ORB,LONG,2020-07-27 09:55:00,284.285,59,2020-07-27 15:55:00,286.06,EOD,279.55,293.76,Normal,104.72499999999866,98.46786099999866,6.2571390000000005,KELLY_CRITERION
09d3f602,META,TREND_FOLLOW,LONG,2020-07-27 14:00:00,233.49,44,2020-07-31 09:30:00,248.5,TARGET_HIT,225.98,248.5,Normal,660.4399999999996,656.2630999999996,4.1769,KELLY_CRITERION
7d7baa14,XOM,ORB,SHORT,2020-07-30 09:55:00,42.0585,402,2020-07-30 15:55:00,41.9,EOD,43.18,39.82,Normal,63.71700000000146,56.280075500001466,7.436924499999999,KELLY_CRITERION
9fb0cc88,QCOM,ORB,LONG,2020-08-03 10:05:00,112.905,127,2020-08-03 15:55:00,109.59,EOD,107.0341,124.65,Normal,-421.0049999999997,-426.3207754999997,5.3157755,VOLATILITY_TARGET
879b11e8,CRM,ORB,LONG,2020-08-03 10:20:00,199.66,84,2020-08-03 15:55:00,203.16,EOD,196.57,205.84,Normal,294.0,287.677096,6.322903999999999,KELLY_CRITERION
ebb675ea,COST,TREND_FOLLOW,LONG,2020-08-12 14:00:00,337.9379,31,2020-08-17 09:30:00,337.65,MAX_HOLD,332.74,348.34,Normal,-8.924900000001116,-12.938402500001116,4.0135024999999995,KELLY_CRITERION
d0ba54c3,AMAT,TREND_FOLLOW,LONG,2020-08-12 14:00:00,66.535,157,2020-08-13 11:30:00,64.73,STOP_HIT,64.73,70.14,Normal,-283.38499999999885,-287.4914134999988,4.1064135,KELLY_CRITERION
20022850,QCOM,TREND_FOLLOW,LONG,2020-08-12 14:40:00,116.1,90,2020-08-17 09:30:00,113.29,MAX_HOLD,110.9,126.51,Normal,-252.89999999999893,-256.81863499999895,3.918635,KELLY_CRITERION
153d53d5,NVDA,ORB,SHORT,2020-09-02 09:55:00,14.1224,1197,2020-09-02 15:55:00,14.3465,EOD,14.7268,12.91,Normal,-268.24769999999995,-275.96383208874994,7.71613208875,KELLY_CRITERION
9b792f6d,ADBE,ORB,SHORT,2020-09-02 09:55:00,527.12,32,2020-09-02 15:55:00,533.57,EOD,536.88,507.6,Normal,-206.40000000000146,-213.20176560000147,6.8017656,KELLY_CRITERION
18850fdf,GS,TREND_FOLLOW,SHORT,2020-09-02 14:00:00,207.52,50,2020-09-02 15:55:00,210.1,CIRCUIT_BREAKER,211.75,199.05,Normal,-128.9999999999992,-133.3253874999992,4.325387500000001,KELLY_CRITERION
35c0d28c,SPY,STRESS_ORB,SHORT,2020-09-11 09:55:00,334.18,18,2020-09-11 10:50:00,336.53,STOP_HIT,336.53,329.48,Stress,-42.299999999999386,-45.848862349999386,3.5488623499999994,KELLY_CRITERION
1db8e0a1,QQQ,STRESS_ORB,SHORT,2020-09-11 09:55:00,271.78,22,2020-09-11 10:50:00,270.01,CIRCUIT_BREAKER,275.22,264.9,Stress,38.9399999999996,35.4522439499996,3.4877560499999998,KELLY_CRITERION
ae933a49,IWM,STRESS_ORB,SHORT,2020-09-15 09:50:00,153.71,40,2020-09-15 15:55:00,153.39,EOD,154.695,151.74,Stress,12.800000000000864,9.205671000000864,3.5943289999999997,KELLY_CRITERION
4d474f07,QQQ,STRESS_MID,SHORT,2020-09-18 10:15:00,270.61,67,2020-09-18 10:40:00,268.5873,TARGET_HIT,271.62135,268.5873,Stress,135.52089999999907,125.66528834974908,9.85561165025,KELLY_CRITERION
3b79adf7,AVGO,TREND_FOLLOW,SHORT,2020-09-18 14:00:00,35.777,146,2020-09-23 09:30:00,36.018,MAX_HOLD,37.75,31.84,Stress,-35.18599999999995,-38.49939626999995,3.3133962699999997,KELLY_CRITERION
d5a02ec6,AAPL,TREND_FOLLOW,LONG,2020-09-22 14:00:00,111.14,94,2020-09-28 09:30:00,115.01,MAX_HOLD,104.38,124.66,Normal,363.7800000000004,359.64617100000044,4.133829,KELLY_CRITERION
827cb230,SPY,STRESS_ORB,SHORT,2020-09-25 10:10:00,321.97,19,2020-09-25 10:20:00,323.69,STOP_HIT,323.69,318.53,Stress,-32.67999999999944,-36.27788802499944,3.5978880249999996,KELLY_CRITERION
5aa29d94,GILD,TREND_FOLLOW,LONG,2020-09-25 14:00:00,62.155,84,2020-09-30 09:30:00,62.35,MAX_HOLD,59.82,66.82,Stress,16.380000000000024,13.411300000000024,2.9687,KELLY_CRITERION
a4ed83ad,REGN,TREND_FOLLOW,LONG,2020-09-29 14:00:00,571.7421,9,2020-10-05 09:30:00,598.9,MAX_HOLD,545.0,625.22,Stress,244.42109999999934,241.37604999999934,3.04505,KELLY_CRITERION
c5df9e54,NFLX,ORB,LONG,2020-10-02 10:15:00,52.4865,322,2020-10-02 11:30:00,51.5,STOP_HIT,51.5,54.46,Normal,-317.65299999999985,-324.45704999999987,6.80405,KELLY_CRITERION
e8d8f08d,TXN,TREND_FOLLOW,SHORT,2020-10-02 14:00:00,141.73,74,2020-10-06 12:30:00,145.62,STOP_HIT,145.62,133.95,Normal,-287.8600000000011,-292.2923247000011,4.432324700000001,KELLY_CRITERION
11f7c89c,SPY,STRESS_ORB,SHORT,2020-10-06 09:50:00,339.125,18,2020-10-06 10:15:00,340.26,STOP_HIT,340.26,336.86,Stress,-20.429999999999836,-24.014278699999835,3.5842787000000005,KELLY_CRITERION
f84ca39f,IWM,STRESS_ORB,SHORT,2020-10-09 09:50:00,163.1,38,2020-10-09 10:30:00,161.88,TARGET_HIT,163.71,161.88,Stress,46.35999999999996,42.757705399999956,3.6022945999999996,KELLY_CRITERION
e48693a5,SPY,STRESS_ORB,SHORT,2020-10-09 10:05:00,345.18,18,2020-10-09 11:35:00,346.1,STOP_HIT,346.1,343.34,Stress,-16.560000000000286,-20.199729500000288,3.6397295,KELLY_CRITERION
0715d69f,IWM,STRESS_ORB,SHORT,2020-10-13 09:50:00,161.59,38,2020-10-13 12:50:00,162.91,STOP_HIT,162.91,158.95,Stress,-50.15999999999974,-53.78294094999974,3.6229409500000003,KELLY_CRITERION
fb58ac61,INTU,TREND_FOLLOW,LONG,2020-10-16 14:00:00,343.19,30,2020-10-19 15:05:00,334.58,STOP_HIT,334.58,360.41,Normal,-258.3000000000004,-262.1630900000004,3.86309,KELLY_CRITERION
b1eea554,EBAY,TREND_FOLLOW,SHORT,2020-10-16 14:00:00,56.14,187,2020-10-21 09:30:00,54.29,MAX_HOLD,57.9,52.61,Normal,345.9500000000003,341.4265681750003,4.523431825,KELLY_CRITERION
fd2a96b5,TXN,ORB,SHORT,2020-10-21 10:05:00,145.34,116,2020-10-21 15:55:00,146.04,EOD,149.46,137.1,Normal,-81.19999999999868,-88.02371159999868,6.8237116,KELLY_CRITERION
0e1d95c4,GILD,ORB,SHORT,2020-10-23 10:15:00,62.555,270,2020-10-23 15:55:00,60.79,EOD,63.64,60.38,Normal,476.5500000000002,469.35632925000016,7.19367075,KELLY_CRITERION
ae657283,AMD,TREND_FOLLOW,LONG,2020-10-23 14:00:00,81.445,128,2020-10-27 09:55:00,78.79,STOP_HIT,78.79,86.75,Normal,-339.8399999999983,-343.81779199999835,3.977792,KELLY_CRITERION
54af7189,MA,PE_SHORT,SHORT,2020-10-28 09:30:00,301.69,66,2020-10-29 15:55:00,293.18,EOD,312.68,279.7,Stress,561.6599999999994,551.0900682999994,10.5699317,POSITION_LIMIT
9f241365,SPY,STRESS_ORB,SHORT,2020-10-28 09:50:00,331.09,18,2020-10-28 11:25:00,332.84,STOP_HIT,332.84,327.59,Stress,-31.5,-35.0138258,3.5138257999999998,KELLY_CRITERION
72b288eb,EBAY,PE_SHORT,SHORT,2020-10-29 09:30:00,49.3,263,2020-10-30 15:55:00,47.63,EOD,52.15,43.59,Stress,439.20999999999856,431.6303860249986,7.579613975,VOLATILITY_TARGET
888845a5,QQQ,STRESS_ORB,SHORT,2020-10-30 10:10:00,271.21,23,2020-10-30 15:55:00,270.07,SAFETY_MODE,275.24,263.15,Stress,26.219999999999686,22.588890724999686,3.6311092749999996,KELLY_CRITERION
2efdfcc6,SPY,STRESS_ORB,SHORT,2020-10-30 10:15:00,327.05,19,2020-10-30 15:55:00,327.05,SAFETY_MODE,329.69,321.77,Stress,-0.0,-3.631563625,3.631563625,KELLY_CRITERION
347706ca,PYPL,PE_SHORT,SHORT,2020-11-03 09:30:00,177.94,63,2020-11-04 10:05:00,189.66,STOP_HIT,189.66,154.5,Stress,-738.3599999999999,-745.0251609499999,6.66516095,VOLATILITY_TARGET
96d8302e,CAT,PE_SHORT,SHORT,2020-11-04 09:30:00,159.18,97,2020-11-05 15:55:00,163.07,EOD,166.91,143.72,Stress,-377.3299999999987,-386.0427992249987,8.712799225,VOLATILITY_TARGET
f87e156f,ADBE,TREND_FOLLOW,LONG,2020-11-04 14:30:00,489.95,10,2020-11-09 09:30:00,494.6963,MAX_HOLD,466.91,536.03,Stress,47.46300000000019,44.63951850000019,2.8234814999999998,KELLY_CRITERION
6163f16f,IWM,STRESS_ORB,SHORT,2020-11-06 09:50:00,164.4,38,2020-11-06 15:55:00,163.58,EOD,165.71,161.78,Stress,31.15999999999974,27.52362889999974,3.6363711000000003,KELLY_CRITERION
dbe40b04,QQQ,STRESS_ORB,SHORT,2020-11-06 09:55:00,290.2,21,2020-11-06 11:35:00,293.91,STOP_HIT,293.91,282.78,Stress,-77.91000000000076,-81.51988302500077,3.6098830250000002,KELLY_CRITERION
a73ebade,SPY,STRESS_ORB,SHORT,2020-11-11 09:55:00,355.2978,17,2020-11-11 11:15:00,356.6,STOP_HIT,356.6,352.69,Stress,-22.13740000000047,-25.68852550000047,3.5511255000000004,KELLY_CRITERION
d8b90440,COST,TREND_FOLLOW,LONG,2020-11-13 14:00:00,377.56,27,2020-11-18 09:30:00,382.8883,MAX_HOLD,368.26,396.15,Normal,143.86410000000035,139.89580556500036,3.968294435,KELLY_CRITERION
9a4a9a12,REGN,TREND_FOLLOW,LONG,2020-11-13 14:00:00,564.65,18,2020-11-17 11:00:00,545.06,STOP_HIT,545.06,603.83,Normal,-352.6200000000006,-356.4038780000006,3.7838779999999996,KELLY_CRITERION
304197d1,REGN,TREND_FOLLOW,SHORT,2020-11-18 14:15:00,525.8625,19,2020-11-23 09:30:00,538.86,MAX_HOLD,545.77,486.06,Normal,-246.95250000000112,-251.17117835000113,4.21867835,KELLY_CRITERION
91026927,GOOGL,TREND_FOLLOW,SHORT,2020-11-20 14:00:00,87.5933,119,2020-11-25 09:30:00,88.3905,MAX_HOLD,89.67,83.44,Normal,-94.86680000000044,-99.27722723625044,4.41042723625,KELLY_CRITERION
1216d713,COST,TREND_FOLLOW,SHORT,2020-11-20 14:00:00,382.12,27,2020-11-25 09:30:00,385.7897,MAX_HOLD,390.8,364.76,Normal,-99.0818999999994,-103.36932651724939,4.287426517249999,KELLY_CRITERION
2242efc3,AMD,TREND_FOLLOW,LONG,2020-11-25 14:00:00,87.37,120,2020-11-30 09:30:00,87.33,MAX_HOLD,84.28,93.56,Normal,-4.80000000000075,-8.88786000000075,4.08786,KELLY_CRITERION
90a349d2,CRM,ORB,SHORT,2020-11-27 09:55:00,247.4716,68,2020-11-27 00:00:00,247.63,EOD,251.84,238.73,Normal,-10.771200000000022,-17.49112210000002,6.7199221,KELLY_CRITERION
0f85889c,VRTX,GF_SHORT,SHORT,2020-11-30 10:30:00,227.585,16,2020-11-30 13:30:00,225.275,TIME_STOP,229.4176769230769,224.565,Normal,36.960000000000036,35.24621900000004,1.713781,KELLY_CRITERION
ef6071a9,REGN,TREND_FOLLOW,SHORT,2020-12-02 14:00:00,506.3699,20,2020-12-07 09:30:00,497.4906,MAX_HOLD,521.21,476.7,Normal,177.586,173.47604597,4.10995403,KELLY_CRITERION
971b8121,SBUX,ORB,LONG,2020-12-10 10:10:00,104.99,161,2020-12-10 15:55:00,105.38,EOD,102.75,109.47,Normal,62.79000000000009,56.28833700000009,6.501663000000001,KELLY_CRITERION
4d5f2e8a,META,TREND_FOLLOW,LONG,2020-12-10 14:00:00,276.1951,38,2020-12-15 09:30:00,274.83,MAX_HOLD,268.33,291.92,Normal,-51.87380000000155,-55.879039000001555,4.0052389999999995,KELLY_CRITERION
9e729fe1,REGN,TREND_FOLLOW,SHORT,2020-12-10 14:00:00,480.45,21,2020-12-14 10:05:00,493.27,STOP_HIT,493.27,454.8,Normal,-269.21999999999986,-273.48449292499987,4.264492925000001,KELLY_CRITERION
d42d52bd,AAPL,TREND_FOLLOW,SHORT,2020-12-17 14:00:00,128.365,81,2020-12-22 09:30:00,131.61,MAX_HOLD,131.33,122.43,Normal,-262.84500000000037,-267.2350997750004,4.390099775,KELLY_CRITERION
96f992e1,AMGN,TREND_FOLLOW,LONG,2020-12-17 14:10:00,230.0932,45,2020-12-21 09:30:00,226.36,STOP_HIT,226.36,237.57,Normal,-167.9939999999992,-171.9091699999992,3.9151700000000003,KELLY_CRITERION
95f4e58b,BIIB,TREND_FOLLOW,LONG,2020-12-17 14:50:00,250.3,41,2020-12-21 09:35:00,244.7,STOP_HIT,244.7,261.5,Normal,-229.60000000000093,-233.46144500000094,3.861445,KELLY_CRITERION
6ca3aadc,MU,ORB,LONG,2021-01-04 10:00:00,78.06,216,2021-01-04 11:05:00,75.59,STOP_HIT,75.59,83.0,Normal,-533.5199999999998,-539.9906039999997,6.470604000000001,KELLY_CRITERION
a9f01a83,MU,ORB,LONG,2021-01-05 09:55:00,77.91,217,2021-01-05 15:55:00,77.27,EOD,76.03,81.67,Normal,-138.8800000000001,-145.5081565000001,6.6281565,KELLY_CRITERION
702a21b0,AAPL,TREND_FOLLOW,LONG,2021-01-05 14:00:00,131.005,80,2021-01-05 15:55:00,131.09,CIRCUIT_BREAKER,127.17,138.67,Normal,6.800000000000637,2.7794800000006363,4.02052,KELLY_CRITERION
e8549771,BIIB,ORB,LONG,2021-01-11 10:20:00,258.375,65,2021-01-11 11:20:00,266.73,TARGET_HIT,254.2,266.73,Normal,543.0750000000012,536.6568925000012,6.4181075,KELLY_CRITERION
f9b4f294,MSFT,TREND_FOLLOW,LONG,2021-01-12 14:00:00,215.4599,48,2021-01-19 09:30:00,213.75,MAX_HOLD,211.25,223.88,Normal,-82.07520000000022,-86.01620000000023,3.941,KELLY_CRITERION
08f6c914,COST,TREND_FOLLOW,LONG,2021-01-12 14:00:00,364.9,28,2021-01-19 09:30:00,362.355,MAX_HOLD,359.84,375.03,Normal,-71.25999999999885,-75.16107899999885,3.901079,KELLY_CRITERION
6aad2eb5,GILD,ORB,LONG,2021-01-19 09:55:00,66.23,255,2021-01-19 15:55:00,67.07,EOD,64.6,69.49,Normal,214.19999999999726,207.32150249999725,6.8784975,KELLY_CRITERION
7bdf9f98,MS,ORB,SHORT,2021-01-19 10:10:00,75.37,224,2021-01-19 15:55:00,74.99,EOD,76.6,72.91,Normal,85.12000000000216,77.95116560000217,7.1688344,KELLY_CRITERION
d9bcf71b,QCOM,TREND_FOLLOW,LONG,2021-01-19 14:00:00,163.26,64,2021-01-25 09:30:00,164.32,MAX_HOLD,158.97,171.84,Normal,67.84000000000015,63.809232000000144,4.030768,KELLY_CRITERION
9d045fd1,REGN,GF_SHORT,SHORT,2021-01-26 10:30:00,550.144,6,2021-01-26 11:40:00,542.845,TARGET_HIT,551.6451246153846,542.845,Normal,43.79399999999987,42.21328607499987,1.580713925,KELLY_CRITERION
fb1d760f,MU,TREND_FOLLOW,SHORT,2021-01-26 14:25:00,80.39,130,2021-02-01 09:30:00,79.59,MAX_HOLD,83.7,73.77,Normal,103.99999999999963,99.61377074999963,4.386229250000001,KELLY_CRITERION
11596a60,BIIB,TREND_FOLLOW,LONG,2021-01-26 14:35:00,271.935,38,2021-01-27 09:45:00,264.35,STOP_HIT,264.35,287.11,Normal,-288.2299999999992,-292.09585499999923,3.8658550000000007,KELLY_CRITERION
21b954a5,IWM,STRESS_ORB,SHORT,2021-02-02 09:50:00,211.295,29,2021-02-02 11:30:00,213.31,STOP_HIT,213.31,207.26,Stress,-58.43500000000043,-62.05376472500043,3.6187647249999997,KELLY_CRITERION
6201d3b6,IWM,STRESS_ORB,SHORT,2021-02-03 09:50:00,213.145,29,2021-02-03 15:55:00,214.23,EOD,214.74,209.96,Stress,-31.464999999999407,-35.09783842499941,3.632838425,KELLY_CRITERION
ed44ae1b,QQQ,STRESS_ORB,SHORT,2021-02-03 10:10:00,328.03,19,2021-02-03 15:55:00,326.33,EOD,330.195,323.7,Stress,32.299999999999784,28.675652574999784,3.6243474249999994,KELLY_CRITERION
40471aea,SPY,STRESS_ORB,SHORT,2021-02-25 10:00:00,390.16,16,2021-02-25 11:45:00,386.72,TARGET_HIT,391.88,386.72,Stress,55.039999999999964,51.42296319999996,3.6170368,KELLY_CRITERION
0bf26bde,QQQ,STRESS_ORB,SHORT,2021-02-25 10:00:00,321.14,19,2021-02-25 12:30:00,315.36,TARGET_HIT,324.03,315.36,Stress,109.81999999999948,106.30559939999948,3.5144005999999997,KELLY_CRITERION
b6be939f,IWM,STRESS_MID,SHORT,2021-02-25 10:15:00,225.81,81,2021-02-25 12:10:00,221.80483000000004,TARGET_HIT,227.81258499999998,221.80483000000004,Stress,324.4187699999971,314.5758091261721,9.842960873825001,KELLY_CRITERION
8bfe0190,QQQ,STRESS_ORB,SHORT,2021-03-04 09:55:00,307.01,20,2021-03-04 11:00:00,311.28,STOP_HIT,311.28,298.47,Stress,-85.39999999999964,-89.03790399999964,3.6379039999999994,KELLY_CRITERION
dc23c5ef,IWM,STRESS_ORB,SHORT,2021-03-04 09:55:00,218.0,28,2021-03-04 13:10:00,212.63,TARGET_HIT,220.685,212.63,Stress,150.36000000000013,146.86399490000014,3.4960050999999996,KELLY_CRITERION
8a1fc141,SPY,STRESS_MID,SHORT,2021-03-04 10:15:00,378.67,48,2021-03-04 11:40:00,383.32293999999996,STOP_HIT,383.32293999999996,369.3641200000001,Stress,-223.34111999999732,-233.40621684079733,10.065096840799997,KELLY_CRITERION
72d15bcd,ORCL,PE_SHORT,SHORT,2021-03-11 09:30:00,67.65,232,2021-03-12 15:55:00,67.18,EOD,70.88,61.18,Normal,109.03999999999974,102.29913559999974,6.7408643999999995,VOLATILITY_TARGET
b8ee4184,EBAY,TREND_FOLLOW,SHORT,2021-03-11 14:00:00,56.35,186,2021-03-16 09:30:00,57.3,MAX_HOLD,58.56,51.92,Normal,-176.6999999999992,-181.4105894999992,4.7105895,KELLY_CRITERION
e285caa0,CSCO,TREND_FOLLOW,SHORT,2021-03-11 15:45:00,48.645,215,2021-03-16 09:30:00,49.19,MAX_HOLD,49.74,46.46,Normal,-117.17499999999885,-121.96180837499884,4.786808375,KELLY_CRITERION
ffb30f3e,MSFT,TREND_FOLLOW,LONG,2021-03-12 14:00:00,234.74,44,2021-03-17 09:30:00,236.15,MAX_HOLD,228.62,246.99,Normal,62.03999999999985,58.05328999999985,3.9867100000000004,KELLY_CRITERION
a3452aca,GS,ORB,LONG,2021-03-18 10:10:00,353.9,47,2021-03-18 15:25:00,349.33,STOP_HIT,349.33,363.04,Normal,-214.78999999999968,-220.88647849999967,6.0964785,KELLY_CRITERION
ac681a44,JPM,ORB,LONG,2021-03-18 10:10:00,159.95,105,2021-03-18 15:45:00,157.4,STOP_HIT,157.4,165.05,Normal,-267.7499999999982,-273.9019499999982,6.15195,KELLY_CRITERION
165f2794,GS,TREND_FOLLOW,LONG,2021-03-19 14:00:00,345.3,30,2021-03-23 14:55:00,334.88,STOP_HIT,334.88,366.13,Normal,-312.6000000000005,-316.4662400000005,3.86624,KELLY_CRITERION
41cef58d,AVGO,TREND_FOLLOW,LONG,2021-03-25 14:50:00,46.126,227,2021-03-30 09:30:00,46.388,MAX_HOLD,44.35,49.69,Normal,59.4740000000001,54.9939734000001,4.4800265999999995,KELLY_CRITERION
955ef017,AAPL,TREND_FOLLOW,SHORT,2021-03-26 14:00:00,119.81,87,2021-03-31 09:30:00,121.65,MAX_HOLD,122.96,113.5,Normal,-160.0800000000003,-164.4422551250003,4.362255125000001,KELLY_CRITERION
02e436c1,AMD,TREND_FOLLOW,SHORT,2021-03-26 14:00:00,76.5301,137,2021-03-31 09:30:00,76.57,MAX_HOLD,79.3,70.99,Normal,-5.466299999998455,-9.932523974998453,4.466223974999999,KELLY_CRITERION
2456d6b9,CVX,TREND_FOLLOW,LONG,2021-04-01 14:00:00,105.385,99,2021-04-06 09:30:00,104.25,MAX_HOLD,102.8,110.55,Normal,-112.3650000000005,-116.3272625000005,3.9622625,KELLY_CRITERION
2f4e2389,TSLA,TREND_FOLLOW,LONG,2021-04-06 14:00:00,230.8733,45,2021-04-12 09:30:00,228.5667,MAX_HOLD,218.66,255.3,Normal,-103.79700000000014,-107.74692552500014,3.9499255250000003,KELLY_CRITERION
83645bff,MS,TREND_FOLLOW,LONG,2021-04-06 14:00:00,79.06,132,2021-04-12 09:30:00,80.95,MAX_HOLD,76.9,83.37,Normal,249.48000000000008,245.27811000000008,4.201890000000001,KELLY_CRITERION
11fd69f8,COST,TREND_FOLLOW,LONG,2021-04-08 14:00:00,361.321,29,2021-04-13 09:30:00,365.34,MAX_HOLD,354.26,375.44,Normal,116.55099999999851,112.49279899999851,4.0582009999999995,KELLY_CRITERION
e836c00f,AAPL,TREND_FOLLOW,SHORT,2021-04-20 14:00:00,132.82,79,2021-04-26 09:30:00,134.83,MAX_HOLD,135.53,127.39,Normal,-158.79000000000153,-163.17637267500152,4.386372675000001,KELLY_CRITERION
f0f90383,GOOGL,TREND_FOLLOW,LONG,2021-04-20 14:00:00,114.075,92,2021-04-26 09:30:00,115.226,MAX_HOLD,111.96,118.31,Normal,105.89199999999965,101.83172279999965,4.0602772,KELLY_CRITERION
972c7681,INTU,TREND_FOLLOW,LONG,2021-04-21 14:00:00,408.87,25,2021-04-26 09:30:00,414.44,MAX_HOLD,400.16,426.29,Normal,139.24999999999983,135.27364999999983,3.97635,KELLY_CRITERION
2c69eff2,AAPL,TREND_FOLLOW,SHORT,2021-04-27 14:00:00,134.375,78,2021-04-29 09:30:00,136.98,STOP_HIT,136.98,129.17,Normal,-203.1899999999992,-207.5885860999992,4.398586099999999,KELLY_CRITERION
5b61cb3b,INTU,TREND_FOLLOW,SHORT,2021-04-27 14:00:00,415.05,25,2021-05-03 09:30:00,414.79,MAX_HOLD,423.55,398.05,Normal,6.499999999999773,2.2305443749997726,4.269455625,KELLY_CRITERION
e8267b38,AMD,ORB,SHORT,2021-04-28 09:55:00,86.3593,195,2021-04-28 15:55:00,84.02,EOD,89.2,80.68,Normal,456.1635000000017,449.2580527500017,6.90544725,KELLY_CRITERION
e814e292,EBAY,PE_SHORT,SHORT,2021-04-29 09:30:00,57.29,349,2021-04-30 15:55:00,55.8,EOD,59.19,53.48,Normal,520.0100000000007,511.5904345000007,8.4195655,POSITION_LIMIT
bda6fcca,NOW,PE_SHORT,SHORT,2021-04-29 09:30:00,104.2,186,2021-04-30 15:55:00,101.274,EOD,108.22,96.17,Normal,544.2360000000003,536.4377760900003,7.79822391,VOLATILITY_TARGET
71179e19,MSFT,TREND_FOLLOW,SHORT,2021-05-10 14:00:00,249.5,42,2021-05-12 10:45:00,240.16,TARGET_HIT,254.17,240.16,Normal,392.28000000000014,388.1140732000001,4.165926799999999,KELLY_CRITERION
2af8b24d,AAPL,TREND_FOLLOW,SHORT,2021-05-10 14:10:00,127.71,82,2021-05-12 14:15:00,122.26,TARGET_HIT,130.44,122.26,Normal,446.89999999999907,442.74945169999904,4.1505483000000005,KELLY_CRITERION
7aad7251,INTC,TREND_FOLLOW,SHORT,2021-05-10 14:10:00,56.2,186,2021-05-17 09:30:00,55.29,MAX_HOLD,56.91,53.24,Normal,169.26000000000067,164.69054265000068,4.5694573499999995,KELLY_CRITERION
e1774798,SPY,STRESS_ORB,SHORT,2021-05-17 09:50:00,414.69,15,2021-05-17 15:55:00,415.54,EOD,416.39,411.29,Stress,-12.750000000000341,-16.39088525000034,3.6408852499999997,KELLY_CRITERION
f05ee3ee,IWM,STRESS_ORB,SHORT,2021-05-17 09:50:00,218.56,28,2021-05-17 15:00:00,220.65,STOP_HIT,220.65,214.38,Stress,-58.520000000000095,-62.134460500000095,3.6144604999999994,KELLY_CRITERION
a99319a2,JPM,TREND_FOLLOW,LONG,2021-05-17 14:00:00,164.59,31,2021-05-19 09:50:00,159.82,STOP_HIT,159.82,174.13,Stress,-147.87000000000032,-150.69721000000033,2.82721,KELLY_CRITERION
b49db789,NVDA,ORB,LONG,2021-05-24 10:15:00,15.4965,1091,2021-05-24 15:55:00,15.612,EOD,15.176,16.14,Normal,126.0105000000009,119.0490578000009,6.9614422000000005,KELLY_CRITERION
80059cee,MU,TREND_FOLLOW,LONG,2021-05-24 14:00:00,83.33,126,2021-05-25 11:15:00,80.47,STOP_HIT,80.47,89.05,Normal,-360.3599999999999,-364.3497269999999,3.9897269999999994,KELLY_CRITERION
9ee6f614,AMGN,TREND_FOLLOW,SHORT,2021-05-24 14:40:00,248.665,42,2021-05-26 09:50:00,239.87,TARGET_HIT,253.06,239.87,Normal,369.3899999999995,365.22867114999946,4.16132885,KELLY_CRITERION
540369b5,MU,ORB,SHORT,2021-06-18 09:55:00,77.5817,218,2021-06-18 15:55:00,76.95,EOD,79.2835,74.18,Normal,137.71059999999892,130.5724897499989,7.13811025,KELLY_CRITERION
e0584a15,MS,ORB,SHORT,2021-06-18 10:05:00,85.245,198,2021-06-18 15:55:00,84.09,EOD,86.9,81.94,Normal,228.69000000000023,221.67308295000024,7.01691705,KELLY_CRITERION
8e34bbc4,MSFT,TREND_FOLLOW,LONG,2021-06-18 14:00:00,260.87,40,2021-06-23 09:30:00,265.99,MAX_HOLD,256.9,268.82,Normal,204.80000000000018,200.72614000000019,4.07386,KELLY_CRITERION
031a20f1,AAPL,TREND_FOLLOW,SHORT,2021-06-25 14:00:00,132.99,78,2021-06-28 09:45:00,135.0,STOP_HIT,135.0,128.97,Normal,-156.7799999999993,-161.12028499999928,4.340285000000001,KELLY_CRITERION
2035aee9,MSFT,TREND_FOLLOW,LONG,2021-06-25 14:00:00,265.2,39,2021-06-30 09:30:00,270.69,MAX_HOLD,261.65,272.3,Normal,214.11000000000035,210.06508150000036,4.0449185,KELLY_CRITERION
7b04df67,V,TREND_FOLLOW,LONG,2021-06-25 14:00:00,237.62,44,2021-06-28 10:25:00,234.55,STOP_HIT,234.55,243.76,Normal,-135.0799999999997,-139.0420699999997,3.9620700000000006,KELLY_CRITERION
77d89bcf,CSCO,TREND_FOLLOW,SHORT,2021-07-09 14:00:00,53.71,195,2021-07-14 09:30:00,53.5,MAX_HOLD,54.38,52.37,Normal,40.950000000000166,36.291206250000165,4.65879375,KELLY_CRITERION
32f2f3cd,QCOM,TREND_FOLLOW,SHORT,2021-07-12 14:00:00,142.03,73,2021-07-14 09:30:00,144.79,STOP_HIT,144.79,136.5,Normal,-201.47999999999934,-205.83428542499934,4.3542854250000005,KELLY_CRITERION
aa8f015b,AVGO,TREND_FOLLOW,LONG,2021-07-12 14:55:00,48.439,216,2021-07-15 13:55:00,47.36,STOP_HIT,47.36,50.59,Normal,-233.06400000000014,-237.40041600000012,4.336416,KELLY_CRITERION
4fb71d35,AMD,TREND_FOLLOW,SHORT,2021-07-16 14:00:00,86.12,121,2021-07-21 09:30:00,87.25,MAX_HOLD,89.07,80.23,Normal,-136.72999999999945,-141.16245687499946,4.432456875000001,KELLY_CRITERION
c210e3e8,HON,ORB,SHORT,2021-07-19 09:55:00,210.6692,80,2021-07-19 15:55:00,208.0773,EOD,213.5815,204.84,Normal,207.3519999999985,200.70246553999849,6.64953446,KELLY_CRITERION
d60ce3b6,MA,ORB,SHORT,2021-07-19 10:00:00,369.32,45,2021-07-19 15:55:00,365.74,EOD,378.6,350.76,Normal,161.09999999999928,154.52821674999927,6.57178325,KELLY_CRITERION
38e6253d,IWM,STRESS_ORB,SHORT,2021-07-23 09:50:00,217.8201,28,2021-07-23 15:55:00,219.5,EOD,219.95,213.56,Stress,-47.0372000000001,-50.6346750000001,3.5974749999999998,KELLY_CRITERION
7a9108a3,MSFT,TREND_FOLLOW,LONG,2021-07-26 14:00:00,288.99,36,2021-07-27 10:40:00,284.88,STOP_HIT,284.88,297.22,Normal,-147.9600000000005,-151.8994880000005,3.939488,KELLY_CRITERION
e89e05e4,XOM,TREND_FOLLOW,SHORT,2021-07-26 14:00:00,58.185,180,2021-08-02 09:30:00,57.55,MAX_HOLD,59.82,54.92,Normal,114.30000000000092,109.72437750000093,4.5756225,KELLY_CRITERION
c789456f,PYPL,PE_SHORT,SHORT,2021-07-29 09:30:00,285.37,70,2021-07-30 15:55:00,275.52,EOD,294.82,266.48,Normal,689.5000000000016,681.8557340000016,7.644266,POSITION_LIMIT
8434b4bf,CVX,ORB,SHORT,2021-08-19 09:55:00,94.1013,179,2021-08-19 15:55:00,94.28,EOD,95.31,91.68,Normal,-31.987300000001127,-39.01944030000113,7.032140299999999,KELLY_CRITERION
42c9a457,TSLA,TREND_FOLLOW,SHORT,2021-08-19 14:00:00,224.9,46,2021-08-23 09:50:00,232.38,STOP_HIT,232.38,209.93,Normal,-344.07999999999953,-348.4742486999995,4.3942487,KELLY_CRITERION
2a3dcfb4,AVGO,TREND_FOLLOW,LONG,2021-08-19 14:00:00,47.339,221,2021-08-24 09:30:00,48.24,MAX_HOLD,46.55,48.92,Normal,199.12100000000075,194.61613600000075,4.504864,KELLY_CRITERION
552c710e,CRM,ORB,LONG,2021-08-27 10:20:00,270.38,62,2021-08-27 11:35:00,266.1038,STOP_HIT,266.1038,278.93,Normal,-265.12440000000106,-271.24885246000105,6.124452459999999,KELLY_CRITERION
57eb2ce7,REGN,TREND_FOLLOW,SHORT,2021-08-27 14:00:00,667.32,15,2021-09-01 09:30:00,674.72,MAX_HOLD,686.02,629.93,Normal,-110.99999999999966,-115.17352699999967,4.173527000000001,KELLY_CRITERION
ef236677,MS,TREND_FOLLOW,LONG,2021-08-27 14:00:00,105.295,99,2021-08-31 09:55:00,103.39,STOP_HIT,103.39,109.11,Normal,-188.5950000000001,-192.52746350000012,3.9324635000000003,KELLY_CRITERION
5a344fcd,INTU,TREND_FOLLOW,SHORT,2021-09-17 14:00:00,562.66,18,2021-09-20 15:55:00,554.4,CIRCUIT_BREAKER,571.39,545.2,Normal,148.67999999999984,144.55934199999984,4.120658000000001,KELLY_CRITERION
499c3272,MMM,TREND_FOLLOW,LONG,2021-09-17 14:00:00,152.0318,69,2021-09-20 09:30:00,149.29,STOP_HIT,149.29,157.52,Normal,-189.18420000000083,-193.13955350000083,3.9553535,KELLY_CRITERION
d732a95b,AAPL,ORB,SHORT,2021-09-20 10:20:00,142.799,118,2021-09-20 15:55:00,142.97,EOD,144.84,138.72,Normal,-20.177999999999088,-26.982608649999086,6.8046086500000005,KELLY_CRITERION
28de7862,COST,TREND_FOLLOW,LONG,2021-09-24 14:00:00,465.95,11,2021-09-28 09:30:00,455.05,STOP_HIT,455.05,487.76,Stress,-119.89999999999975,-122.75277499999974,2.8527750000000003,KELLY_CRITERION
3d5d1157,AMGN,TREND_FOLLOW,SHORT,2021-09-24 14:00:00,213.44,24,2021-09-29 09:30:00,212.5,MAX_HOLD,219.73,200.86,Stress,22.559999999999945,19.515069999999945,3.04493,KELLY_CRITERION
bbe3b2ff,TSLA,TREND_FOLLOW,LONG,2021-09-27 14:00:00,265.6017,39,2021-09-29 12:20:00,258.53,STOP_HIT,258.53,279.74,Normal,-275.7963000000008,-279.67523450000084,3.8789344999999993,KELLY_CRITERION
3125a66f,CSCO,TREND_FOLLOW,LONG,2021-10-01 14:00:00,55.08,190,2021-10-06 09:30:00,54.345,MAX_HOLD,53.92,57.4,Normal,-139.6499999999999,-143.9289424999999,4.278942499999999,KELLY_CRITERION
2b205027,HON,TREND_FOLLOW,LONG,2021-10-01 14:00:00,202.771,51,2021-10-06 09:30:00,201.4797,MAX_HOLD,199.71,208.9,Normal,-65.8562999999989,-69.80271264499889,3.9464126450000006,KELLY_CRITERION
c9f82712,SPY,STRESS_ORB,SHORT,2021-10-04 10:00:00,431.44,14,2021-10-04 11:40:00,426.4,TARGET_HIT,433.96,426.4,Stress,70.56000000000029,67.05830600000029,3.5016939999999996,KELLY_CRITERION
ea50f537,TSLA,TREND_FOLLOW,LONG,2021-10-08 14:00:00,262.1833,20,2021-10-13 09:30:00,270.1567,MAX_HOLD,251.78,282.99,Stress,159.46800000000053,156.41643300000052,3.0515670000000004,KELLY_CRITERION
7e147412,HON,TREND_FOLLOW,LONG,2021-10-08 14:00:00,205.7399,25,2021-10-13 09:30:00,202.9123,MAX_HOLD,201.08,215.06,Stress,-70.69000000000045,-73.57640375000045,2.88640375,KELLY_CRITERION
b5a6bfb8,BIIB,TREND_FOLLOW,SHORT,2021-10-11 14:00:00,285.79,36,2021-10-18 09:30:00,279.42,MAX_HOLD,292.22,272.92,Normal,229.32000000000016,225.16566220000016,4.1543378,KELLY_CRITERION
c89eadf5,COST,TREND_FOLLOW,SHORT,2021-10-15 14:00:00,450.41,23,2021-10-18 12:50:00,458.58,STOP_HIT,458.58,434.07,Normal,-187.90999999999906,-192.24610584999905,4.33610585,KELLY_CRITERION
0474c2bc,REGN,TREND_FOLLOW,SHORT,2021-10-15 14:00:00,554.395,18,2021-10-20 09:30:00,554.24,MAX_HOLD,569.09,525.0,Normal,2.789999999999509,-1.329570800000491,4.1195708,KELLY_CRITERION
423c5a14,SBUX,TREND_FOLLOW,LONG,2021-10-18 14:00:00,113.18,92,2021-10-25 09:30:00,114.74,MAX_HOLD,111.26,117.02,Normal,143.5199999999989,139.4753719999989,4.044628,KELLY_CRITERION
2ebb7681,MRK,PE_SHORT,SHORT,2021-11-05 09:30:00,82.29,243,2021-11-08 15:55:00,82.68,EOD,85.18,76.51,Calm,-94.77000000000014,-102.25781172000013,7.487811720000002,POSITION_LIMIT
cb8f6c48,PYPL,PE_SHORT,SHORT,2021-11-09 09:30:00,212.4,57,2021-11-10 15:55:00,204.605,EOD,225.34,186.52,Calm,444.3150000000009,440.12858992000093,4.18641008,VOLATILITY_TARGET
432f9bd5,IWM,STRESS_ORB,SHORT,2021-11-26 09:55:00,223.55,27,2021-11-26 16:00:00,221.05,EOD,226.17,218.31,Stress,67.5,63.996430375,3.5035696250000004,KELLY_CRITERION
8d298f13,SPY,STRESS_ORB,SHORT,2021-11-26 10:00:00,460.28,13,2021-11-26 16:00:00,456.9,EOD,463.9,453.04,Stress,43.93999999999994,40.45427324999994,3.4857267499999995,KELLY_CRITERION
854659dd,QQQ,STRESS_MID,SHORT,2021-11-26 10:15:00,393.49,46,2021-11-26 16:00:00,390.59,EOD,396.45606,387.55788000000007,Stress,133.40000000000157,123.56336365000158,9.836636349999997,KELLY_CRITERION
91c65c6d,SPY,STRESS_ORB,SHORT,2021-12-03 09:50:00,455.14,13,2021-12-03 15:55:00,453.43,EOD,460.3,444.82,Stress,22.229999999999734,18.768068774999733,3.461931225,KELLY_CRITERION
079bdb65,QQQ,STRESS_ORB,SHORT,2021-12-03 09:50:00,386.06,16,2021-12-03 15:55:00,383.21,EOD,392.34,373.5,Stress,45.600000000000364,42.012587600000366,3.5874124,KELLY_CRITERION
ddabbeb4,IWM,STRESS_MID,SHORT,2021-12-03 10:15:00,216.88,84,2021-12-03 11:55:00,213.62342000000007,TARGET_HIT,218.50828999999996,213.62342000000007,Stress,273.552719999994,263.720686259794,9.832033740200002,KELLY_CRITERION
2058e9d8,SPY,STRESS_ORB,SHORT,2021-12-10 09:55:00,468.39,13,2021-12-10 15:45:00,470.08,STOP_HIT,470.08,465.01,Stress,-21.96999999999997,-25.546108599999968,3.5761085999999995,KELLY_CRITERION
fa2c9771,IWM,STRESS_ORB,SHORT,2021-12-10 09:55:00,220.07,28,2021-12-10 15:55:00,219.91,EOD,222.85,214.51,Stress,4.4799999999999045,0.8764692999999051,3.6035306999999994,KELLY_CRITERION
f451f1f3,TSLA,TREND_FOLLOW,LONG,2021-12-10 14:25:00,337.92,11,2021-12-15 09:30:00,317.7367,MAX_HOLD,305.84,402.08,Stress,-222.01630000000034,-224.11385185000034,2.09755185,VOLATILITY_TARGET
24b28a3e,SPY,STRESS_ORB,SHORT,2021-12-17 10:10:00,458.62,13,2021-12-17 10:45:00,462.37,STOP_HIT,462.37,451.12,Stress,-48.75,-52.273237275,3.523237275,KELLY_CRITERION
504f77db,QQQ,STRESS_MID,SHORT,2021-12-17 10:15:00,382.6701,48,2021-12-17 10:45:00,386.77638999999994,STOP_HIT,386.77638999999994,374.4575200000001,Stress,-197.10191999999734,-207.25445819479734,10.152538194799995,KELLY_CRITERION
00a97bed,IWM,STRESS_MID,SHORT,2021-12-17 10:15:00,211.655,86,2021-12-17 10:30:00,212.89267999999998,STOP_HIT,212.89267999999998,209.17964000000003,Stress,-106.44047999999856,-116.46512642819856,10.024646428199997,KELLY_CRITERION
9e1d84f9,NFLX,TREND_FOLLOW,LONG,2021-12-27 14:00:00,61.318,85,2022-01-03 09:30:00,60.561,MAX_HOLD,59.2,65.55,Stress,-64.34499999999983,-67.26884249999983,2.9238425,KELLY_CRITERION
4743b47d,INTC,TREND_FOLLOW,LONG,2021-12-27 14:15:00,51.91,101,2022-01-03 09:30:00,51.65,MAX_HOLD,49.95,55.84,Stress,-26.2599999999998,-29.221824999999797,2.9618249999999993,KELLY_CRITERION
fff04644,XOM,TREND_FOLLOW,LONG,2021-12-27 14:25:00,61.81,84,2022-01-03 09:30:00,61.24,MAX_HOLD,59.77,65.89,Stress,-47.880000000000024,-50.802080000000025,2.92208,KELLY_CRITERION
d945ea59,ADBE,ORB,LONG,2022-01-05 10:00:00,538.19,31,2022-01-05 13:35:00,523.14,STOP_HIT,523.14,568.29,Normal,-466.5500000000021,-472.5760690000021,6.026069,KELLY_CRITERION
576bda27,INTC,ORB,LONG,2022-01-05 10:20:00,55.8,303,2022-01-05 13:35:00,54.04,CIRCUIT_BREAKER,54.04,59.32,Normal,-533.2799999999994,-540.0109419999994,6.730941999999999,KELLY_CRITERION
27e4a54c,MA,ORB,SHORT,2022-01-06 09:55:00,366.9,46,2022-01-06 15:55:00,369.93,EOD,374.215,352.27,Normal,-139.38000000000136,-146.16280445000135,6.7828044499999995,KELLY_CRITERION
0b45abc2,AMAT,ORB,LONG,2022-01-12 10:15:00,158.235,106,2022-01-12 15:55:00,159.56,EOD,154.62,165.47,Normal,140.4499999999988,134.1593239999988,6.290676,KELLY_CRITERION
901194d6,AVGO,TREND_FOLLOW,SHORT,2022-01-12 14:00:00,62.1755,168,2022-01-14 09:30:00,59.35,TARGET_HIT,63.59,59.35,Normal,474.6839999999997,470.2992629999997,4.384737,KELLY_CRITERION
ac0952a1,AMAT,ORB,SHORT,2022-01-13 10:20:00,163.26,103,2022-01-13 15:50:00,156.72,TARGET_HIT,166.53,156.72,Normal,673.6199999999992,667.1457495999992,6.4742504,KELLY_CRITERION
8747eec0,IWM,STRESS_ORB,SHORT,2022-01-19 10:05:00,207.97,30,2022-01-19 15:50:00,204.99,TARGET_HIT,209.46,204.99,Stress,89.3999999999997,85.80018324999969,3.5998167500000005,KELLY_CRITERION
6291b9c9,SPY,STRESS_ORB,SHORT,2022-01-19 10:15:00,457.66,13,2022-01-19 15:35:00,453.76,TARGET_HIT,459.6124,453.76,Stress,50.70000000000044,47.23580580000044,3.4641941999999997,KELLY_CRITERION
ae259b51,CVX,TREND_FOLLOW,LONG,2022-01-20 14:00:00,130.8373,80,2022-01-20 15:50:00,128.59,STOP_HIT,128.59,135.34,Normal,-179.78399999999965,-183.73451999999966,3.95052,KELLY_CRITERION
89c6dad0,AVGO,ORB,LONG,2022-01-26 10:05:00,55.85,302,2022-01-26 10:30:00,55.097,STOP_HIT,55.097,57.36,Normal,-227.40600000000003,-234.22975290000002,6.823752900000001,KELLY_CRITERION
c682b6da,META,GF_SHORT,SHORT,2022-01-26 10:30:00,12.625,297,2022-01-26 12:40:00,12.731751538461538,STOP_HIT,12.731751538461538,12.290000000000001,Normal,-31.705206923076673,-34.19057407619013,2.485367153113461,KELLY_CRITERION
ce8ed609,CVX,ORB,LONG,2022-01-27 10:00:00,135.865,124,2022-01-27 13:00:00,134.39,STOP_HIT,134.39,138.82,Normal,-182.90000000000282,-189.16652600000282,6.266525999999999,KELLY_CRITERION
fc60d7ab,IWM,STRESS_MID,SHORT,2022-02-02 10:15:00,201.29,91,2022-02-02 14:00:00,201.69,TIME_STOP,202.95274999999998,197.96450000000002,Stress,-36.40000000000052,-46.44936922500052,10.049369225,KELLY_CRITERION
30335603,QQQ,STRESS_MID,SHORT,2022-02-02 10:15:00,368.16,49,2022-02-02 14:00:00,367.7299,TIME_STOP,370.19982999999996,364.08034000000015,Stress,21.07490000000189,11.21044640975189,9.86445359025,KELLY_CRITERION
174a7d53,GOOGL,TREND_FOLLOW,SHORT,2022-02-03 14:00:00,145.7148,36,2022-02-08 09:30:00,139.0265,MAX_HOLD,153.47,130.2,Stress,240.77879999999993,237.78166676499993,2.9971332349999993,KELLY_CRITERION
395ec064,QQQ,STRESS_ORB,SHORT,2022-02-09 09:55:00,362.76,17,2022-02-09 11:00:00,364.54,STOP_HIT,364.54,359.2,Stress,-30.260000000000502,-33.8823274500005,3.6223274500000007,KELLY_CRITERION
cc5bbb39,MSFT,TREND_FOLLOW,SHORT,2022-02-09 14:00:00,309.2526,16,2022-02-14 09:30:00,293.77,MAX_HOLD,328.22,271.31,Stress,247.72159999999985,244.88906119999984,2.8325388,KELLY_CRITERION
58d8e3ab,EBAY,TREND_FOLLOW,SHORT,2022-02-10 14:00:00,59.34,88,2022-02-15 09:30:00,58.96,MAX_HOLD,62.48,53.05,Stress,33.440000000000225,30.335916800000227,3.1040832,KELLY_CRITERION
faf4a804,SPY,STRESS_ORB,SHORT,2022-02-16 09:50:00,442.7267,14,2022-02-16 14:05:00,444.81,STOP_HIT,444.81,438.56,Stress,-29.166200000000117,-32.803851850000115,3.6376518499999997,KELLY_CRITERION
3ec42522,QQQ,STRESS_ORB,SHORT,2022-02-16 09:50:00,351.1213,17,2022-02-16 14:20:00,353.95,STOP_HIT,353.95,345.46,Stress,-48.08789999999948,-51.61526162499948,3.527361625,KELLY_CRITERION
e932e425,SPY,STRESS_ORB,SHORT,2022-02-17 09:50:00,440.81,14,2022-02-17 14:05:00,443.8,STOP_HIT,443.8,434.83,Stress,-41.86000000000013,-45.490193000000126,3.6301930000000002,KELLY_CRITERION
77118ebc,SPY,STRESS_ORB,SHORT,2022-02-23 09:50:00,431.1,14,2022-02-23 11:15:00,426.78,TARGET_HIT,433.26,426.78,Stress,60.4800000000007,56.9754997000007,3.5045003,KELLY_CRITERION
c6edf63a,QQQ,STRESS_ORB,SHORT,2022-02-23 09:50:00,338.91,18,2022-02-23 14:20:00,332.36,TARGET_HIT,342.183,332.36,Stress,117.9000000000002,114.39073180000021,3.5092681999999997,KELLY_CRITERION
10ff4e1e,SPY,STRESS_ORB,SHORT,2022-02-25 09:55:00,428.52,14,2022-02-25 10:20:00,431.26,STOP_HIT,431.26,423.04,Stress,-38.36000000000013,-41.89758510000013,3.5375851,KELLY_CRITERION
ba72d5f4,QQQ,STRESS_ORB,SHORT,2022-03-02 10:05:00,341.215,18,2022-03-02 11:00:00,344.62,STOP_HIT,344.62,334.4,Stress,-61.29000000000053,-64.91567690000053,3.6256768999999998,KELLY_CRITERION
3a027d1d,SPY,STRESS_ORB,SHORT,2022-03-02 10:10:00,431.83,14,2022-03-02 10:25:00,434.77,STOP_HIT,434.77,425.95,Stress,-41.15999999999997,-44.72350644999997,3.56350645,KELLY_CRITERION
5975b7a6,SPY,STRESS_ORB,SHORT,2022-03-04 10:10:00,429.08,14,2022-03-04 13:00:00,432.49,STOP_HIT,432.49,422.26,Stress,-47.74000000000035,-51.28666865000035,3.54666865,KELLY_CRITERION
d0fd16cd,SPY,STRESS_ORB,SHORT,2022-03-09 09:50:00,423.34,14,2022-03-09 10:00:00,425.7,STOP_HIT,425.7,418.62,Stress,-33.04000000000019,-36.53652450000019,3.4965245,KELLY_CRITERION
d0614076,QQQ,STRESS_ORB,SHORT,2022-03-09 09:50:00,329.58,18,2022-03-09 10:00:00,332.1399,STOP_HIT,332.1399,324.46,Stress,-46.07820000000049,-49.58537835050049,3.5071783505,KELLY_CRITERION
ebce46c3,QQQ,STRESS_ORB,SHORT,2022-03-11 09:50:00,331.6899,18,2022-03-11 15:30:00,325.79,TARGET_HIT,334.64,325.79,Stress,106.19820000000004,102.75131395000004,3.4468860500000003,KELLY_CRITERION
904534fd,MSFT,TREND_FOLLOW,SHORT,2022-03-16 14:00:00,286.38,18,2022-03-18 15:30:00,300.3,STOP_HIT,300.3,258.54,Stress,-250.5600000000003,-253.7648585000003,3.2048585000000003,KELLY_CRITERION
5773c8e4,AMAT,TREND_FOLLOW,SHORT,2022-03-16 14:00:00,126.77,40,2022-03-21 09:30:00,134.105,MAX_HOLD,136.14,108.03,Stress,-293.39999999999975,-296.58741549999974,3.1874154999999997,VOLATILITY_TARGET
6c55bcef,ORCL,TREND_FOLLOW,SHORT,2022-03-18 14:30:00,80.66,65,2022-03-23 09:30:00,81.25,MAX_HOLD,84.84,72.31,Stress,-38.35000000000022,-41.49853437500022,3.1485343749999997,KELLY_CRITERION
b74523e5,XOM,TREND_FOLLOW,SHORT,2022-03-23 14:00:00,83.2,126,2022-03-28 09:30:00,83.17,MAX_HOLD,86.61,76.38,Normal,3.7800000000001432,-0.6415510499998565,4.42155105,KELLY_CRITERION
fc1fd66b,GILD,TREND_FOLLOW,SHORT,2022-03-23 14:00:00,59.285,177,2022-03-28 09:30:00,58.95,MAX_HOLD,60.73,56.39,Normal,59.29499999999889,54.702093374998896,4.5929066249999995,KELLY_CRITERION
5748c2f2,ADBE,TREND_FOLLOW,LONG,2022-03-25 14:00:00,431.21,24,2022-03-30 09:30:00,461.52,MAX_HOLD,411.65,470.33,Normal,727.44,723.2132320000001,4.226768,KELLY_CRITERION
97063594,REGN,TREND_FOLLOW,SHORT,2022-03-30 14:00:00,697.1,15,2022-04-04 09:30:00,700.0,MAX_HOLD,712.56,666.18,Normal,-43.49999999999966,-47.81667499999966,4.316675000000001,KELLY_CRITERION
9740ec93,ORCL,TREND_FOLLOW,SHORT,2022-03-30 14:00:00,83.575,125,2022-04-04 09:30:00,82.25,MAX_HOLD,86.11,78.5,Normal,165.62500000000034,161.28195312500034,4.343046875,KELLY_CRITERION
62084c2c,EBAY,TREND_FOLLOW,LONG,2022-04-01 14:00:00,57.75,181,2022-04-05 10:30:00,56.13,STOP_HIT,56.13,60.98,Normal,-293.2199999999995,-297.40933549999954,4.1893355,KELLY_CRITERION
d9db13b9,NVDA,TREND_FOLLOW,LONG,2022-04-06 14:00:00,24.668,425,2022-04-08 09:50:00,23.32,STOP_HIT,23.32,27.36,Normal,-572.8999999999995,-577.3688499999995,4.46885,KELLY_CRITERION
00500313,AAPL,TREND_FOLLOW,LONG,2022-04-06 14:00:00,173.2725,60,2022-04-08 09:55:00,169.42,STOP_HIT,169.42,180.97,Normal,-231.15000000000123,-235.05782000000121,3.9078199999999996,KELLY_CRITERION
b5a2a365,QCOM,TREND_FOLLOW,SHORT,2022-04-08 14:00:00,137.166,76,2022-04-13 09:30:00,137.54,MAX_HOLD,143.21,125.08,Normal,-28.423999999999637,-32.73484259999964,4.3108426,KELLY_CRITERION
91858649,REGN,TREND_FOLLOW,LONG,2022-04-13 14:00:00,730.09,14,2022-04-18 09:30:00,726.81,MAX_HOLD,712.93,764.4,Normal,-45.92000000000121,-49.83136900000121,3.9113690000000005,KELLY_CRITERION
94254c7b,TXN,TREND_FOLLOW,SHORT,2022-04-13 14:55:00,174.66,60,2022-04-18 09:30:00,173.0,MAX_HOLD,178.86,166.27,Normal,99.5999999999998,95.31984999999979,4.280150000000001,KELLY_CRITERION
ba75d115,REGN,TREND_FOLLOW,SHORT,2022-04-19 14:00:00,713.54,14,2022-04-25 09:30:00,684.7,MAX_HOLD,730.04,680.53,Normal,403.75999999999885,399.7886304999989,3.971369500000001,KELLY_CRITERION
f31de7ce,CVX,TREND_FOLLOW,SHORT,2022-04-20 14:55:00,171.86,61,2022-04-21 15:05:00,164.36,TARGET_HIT,175.61,164.36,Normal,457.5,453.3533051,4.146694900000001,KELLY_CRITERION
3e4e6a24,XOM,TREND_FOLLOW,LONG,2022-04-20 15:25:00,88.18,119,2022-04-22 09:30:00,86.1,STOP_HIT,86.1,92.34,Normal,-247.5200000000015,-251.5225650000015,4.002565000000001,KELLY_CRITERION
19283efb,GE,PE_SHORT,SHORT,2022-04-26 09:30:00,52.9253,361,2022-04-27 15:55:00,48.7448,EOD,55.0,48.77,Stress,1509.1605000000009,1498.8077545980009,10.352745402,VOLATILITY_TARGET
33186fe0,SPY,STRESS_ORB,SHORT,2022-04-26 09:50:00,423.55,14,2022-04-26 15:15:00,418.57,TARGET_HIT,426.04,418.57,Stress,69.72000000000025,66.27613055000026,3.4438694499999998,KELLY_CRITERION
b94cedc1,SPY,STRESS_ORB,SHORT,2022-04-27 10:10:00,417.0056,14,2022-04-27 10:10:00,421.765,STOP_HIT,421.765,407.49,Stress,-66.6315999999996,-70.09906452499959,3.467464525,KELLY_CRITERION
3064354e,QQQ,STRESS_ORB,SHORT,2022-04-27 10:10:00,316.75,19,2022-04-27 15:55:00,316.73,EOD,322.51,305.23,Stress,0.3799999999996544,-3.148131425000346,3.528131425,KELLY_CRITERION
70efef97,AMGN,PE_SHORT,SHORT,2022-04-28 09:30:00,235.725,84,2022-04-28 09:35:00,242.89,STOP_HIT,242.89,221.39,Stress,-601.8599999999993,-612.9888358999993,11.128835899999999,POSITION_LIMIT
4b0cdf17,QQQ,STRESS_MID,SHORT,2022-05-03 10:15:00,317.85,57,2022-05-03 13:20:00,320.75043,STOP_HIT,320.75043,312.0491400000001,Stress,-165.32450999999838,-175.3297885540234,10.005278554024999,KELLY_CRITERION
b0866f2f,QQQ,STRESS_ORB,SHORT,2022-05-04 09:50:00,317.78,19,2022-05-04 11:00:00,314.4,TARGET_HIT,319.47,314.4,Stress,64.21999999999991,60.715220999999914,3.504778999999999,KELLY_CRITERION
af677d43,SPY,STRESS_ORB,SHORT,2022-05-04 09:55:00,416.0319,15,2022-05-04 12:35:00,417.42,STOP_HIT,417.42,413.26,Stress,-20.82150000000013,-24.477260750000127,3.65576075,KELLY_CRITERION
5831d8aa,GOOGL,TREND_FOLLOW,SHORT,2022-05-13 14:00:00,115.425,45,2022-05-18 09:30:00,115.0,MAX_HOLD,122.81,100.66,Stress,19.124999999999872,16.036412499999873,3.0885875,KELLY_CRITERION
45834840,ORCL,TREND_FOLLOW,SHORT,2022-05-13 14:00:00,70.73,74,2022-05-18 09:30:00,70.8,MAX_HOLD,73.88,64.43,Stress,-5.179999999999495,-8.308107999999494,3.1281079999999997,KELLY_CRITERION
04be364a,AVGO,TREND_FOLLOW,SHORT,2022-05-13 14:20:00,58.0872,90,2022-05-18 09:30:00,60.0,MAX_HOLD,61.42,51.41,Stress,-172.15199999999976,-175.36804999999976,3.2160499999999996,KELLY_CRITERION
2e3c5eab,META,TREND_FOLLOW,SHORT,2022-05-25 14:00:00,182.73,26,2022-05-31 09:30:00,194.885,MAX_HOLD,196.88,154.43,Stress,-316.03000000000003,-319.057917775,3.027917775,VOLATILITY_TARGET
34d0558f,GOOGL,TREND_FOLLOW,SHORT,2022-05-25 14:00:00,105.2485,49,2022-05-27 10:35:00,111.48,STOP_HIT,111.48,92.78,Stress,-305.34349999999984,-308.58453429999986,3.2410343,KELLY_CRITERION
19d6444f,REGN,TREND_FOLLOW,SHORT,2022-05-25 14:00:00,688.33,7,2022-05-31 09:30:00,692.8,MAX_HOLD,717.15,630.7,Stress,-31.289999999999395,-34.199528999999394,2.909528999999999,KELLY_CRITERION
78358aaa,IWM,STRESS_ORB,SHORT,2022-06-01 09:50:00,185.36,33,2022-06-01 11:40:00,182.2,TARGET_HIT,186.94,182.2,Stress,104.28000000000083,100.75191850000083,3.5280815,KELLY_CRITERION
22e12345,SPY,STRESS_ORB,SHORT,2022-06-01 10:05:00,412.635,15,2022-06-01 15:55:00,409.62,EOD,416.24,405.42,Stress,45.224999999999795,41.6309567499998,3.59404325,KELLY_CRITERION
feb6040e,INTU,TREND_FOLLOW,SHORT,2022-06-01 14:00:00,410.35,12,2022-06-06 09:30:00,416.58,MAX_HOLD,438.33,354.39,Stress,-74.75999999999954,-77.74929139999954,2.9892913999999995,KELLY_CRITERION
a2489dc4,IWM,STRESS_MID,SHORT,2022-06-08 10:15:00,189.39,97,2022-06-08 14:00:00,187.835,TIME_STOP,190.89069999999998,186.3886,Stress,150.8349999999979,140.8550376374979,9.9799623625,KELLY_CRITERION
35762022,MS,TREND_FOLLOW,SHORT,2022-06-08 14:00:00,83.2275,63,2022-06-13 09:30:00,75.02,MAX_HOLD,84.04,76.32,Stress,517.0725000000007,514.2171128500007,2.8553871499999994,KELLY_CRITERION
f7ae18cb,QCOM,TREND_FOLLOW,SHORT,2022-06-08 14:00:00,138.49,37,2022-06-13 09:30:00,130.59,MAX_HOLD,146.56,122.35,Stress,292.3000000000002,289.39399467500016,2.9060053249999998,KELLY_CRITERION
9f9dae6b,IWM,STRESS_ORB,SHORT,2022-06-16 09:50:00,165.8612,37,2022-06-16 15:55:00,163.91,EOD,168.42,160.74,Stress,72.1944,68.638071575,3.5563284250000002,KELLY_CRITERION
60744066,QQQ,STRESS_ORB,SHORT,2022-06-16 10:00:00,273.27,22,2022-06-16 15:55:00,271.64,EOD,276.06,267.69,Stress,35.8599999999999,32.3533277999999,3.5066721999999997,KELLY_CRITERION
8ebac6fb,SPY,STRESS_MID,SHORT,2022-06-16 10:15:00,367.64,49,2022-06-16 14:00:00,366.1038,TIME_STOP,370.40002999999996,362.11994000000004,Stress,75.27380000000039,65.45137702950039,9.8224229705,KELLY_CRITERION
3490ab3b,SPY,STRESS_ORB,SHORT,2022-06-23 09:50:00,375.1933,16,2022-06-23 10:00:00,377.38,STOP_HIT,377.38,370.82,Stress,-34.987199999999575,-38.52540719999958,3.5382072,KELLY_CRITERION
e47851d0,QQQ,STRESS_ORB,SHORT,2022-06-23 09:50:00,280.71,22,2022-06-23 10:40:00,283.78,STOP_HIT,283.78,274.57,Stress,-67.53999999999985,-71.18755689999985,3.6475568999999997,KELLY_CRITERION
25142549,IWM,STRESS_MID,SHORT,2022-06-23 10:15:00,168.1,109,2022-06-23 10:40:00,169.01885,STOP_HIT,169.01885,166.2623,Stress,-100.15464999999912,-110.27556632787412,10.120916327874998,KELLY_CRITERION
270b2641,SPY,STRESS_ORB,SHORT,2022-06-30 09:50:00,373.61,16,2022-06-30 10:25:00,377.0,STOP_HIT,377.0,366.83,Stress,-54.23999999999978,-57.77499999999978,3.5349999999999997,KELLY_CRITERION
2b21d1d6,IWM,STRESS_ORB,SHORT,2022-06-30 09:50:00,167.09,37,2022-06-30 10:25:00,168.855,CIRCUIT_BREAKER,168.855,163.56,Stress,-65.3049999999995,-68.9578424624995,3.652842462499999,KELLY_CRITERION
e73d63f3,QQQ,STRESS_MID,SHORT,2022-06-30 10:15:00,276.72,66,2022-06-30 10:25:00,278.96869,STOP_HIT,278.96869,272.2226200000001,Stress,-148.41353999999694,-158.48870494234694,10.075164942349996,KELLY_CRITERION
cb14344f,AMGN,TREND_FOLLOW,LONG,2022-07-07 14:00:00,247.015,42,2022-07-12 09:30:00,247.78,MAX_HOLD,242.47,256.1,Normal,32.13000000000062,28.13763400000062,3.9923660000000005,KELLY_CRITERION
b80892d3,CVX,TREND_FOLLOW,SHORT,2022-07-07 14:00:00,144.16,72,2022-07-12 09:30:00,138.5,MAX_HOLD,150.71,131.07,Normal,407.51999999999975,403.39152999999976,4.12847,KELLY_CRITERION
e4057b00,BIIB,TREND_FOLLOW,LONG,2022-07-07 14:00:00,218.615,48,2022-07-12 09:30:00,216.66,MAX_HOLD,211.78,232.29,Normal,-93.8400000000006,-97.8298880000006,3.989888,KELLY_CRITERION
b64a6176,META,TREND_FOLLOW,SHORT,2022-07-14 14:00:00,157.915,66,2022-07-15 14:05:00,164.83,STOP_HIT,164.83,144.08,Normal,-456.39000000000135,-460.85960945000136,4.469609450000001,KELLY_CRITERION
2e5b4d34,BIIB,TREND_FOLLOW,LONG,2022-07-14 14:00:00,213.39,49,2022-07-19 09:30:00,217.74,MAX_HOLD,207.61,224.95,Normal,213.1500000000011,209.06575900000112,4.0842410000000005,KELLY_CRITERION
197b749e,GOOGL,TREND_FOLLOW,LONG,2022-07-15 14:00:00,111.407,94,2022-07-20 09:30:00,113.17,MAX_HOLD,107.56,119.11,Normal,165.7220000000005,161.64870700000048,4.073293,KELLY_CRITERION
464044a0,SPY,STRESS_ORB,SHORT,2022-07-21 10:10:00,392.56,15,2022-07-21 11:00:00,394.58,STOP_HIT,394.58,388.52,Stress,-30.299999999999727,-33.77503924999973,3.475039249999999,KELLY_CRITERION
5a7c37d0,QQQ,STRESS_MID,SHORT,2022-07-21 10:15:00,303.01,60,2022-07-21 12:00:00,305.18487999999996,STOP_HIT,305.18487999999996,298.66024000000004,Stress,-130.4927999999984,-140.5136014519984,10.020801451999999,KELLY_CRITERION
494a9d3b,IWM,STRESS_ORB,SHORT,2022-07-22 09:50:00,181.21,34,2022-07-22 15:55:00,179.56,EOD,183.25,177.13,Stress,56.10000000000019,52.52296140000019,3.5770386,KELLY_CRITERION
5681d78e,SPY,STRESS_ORB,SHORT,2022-07-28 09:50:00,398.67,15,2022-07-28 11:20:00,402.77,STOP_HIT,402.77,390.47,Stress,-61.49999999999949,-65.0398426249995,3.5398426249999995,KELLY_CRITERION
5ff015d2,QQQ,STRESS_ORB,SHORT,2022-07-28 09:50:00,303.2099,20,2022-07-28 11:25:00,307.69,STOP_HIT,307.69,294.25,Stress,-89.60199999999986,-93.20202949999987,3.6000294999999998,KELLY_CRITERION
27957403,NFLX,TREND_FOLLOW,SHORT,2022-07-29 15:30:00,22.588,204,2022-08-03 09:30:00,22.479,MAX_HOLD,24.42,18.92,Stress,22.23600000000036,19.06325481000036,3.172745189999999,VOLATILITY_TARGET
52f8a056,AMGN,TREND_FOLLOW,LONG,2022-08-04 14:10:00,247.64,42,2022-08-05 09:30:00,243.35,STOP_HIT,243.35,256.22,Normal,-180.17999999999967,-184.10724499999966,3.927245,KELLY_CRITERION
a71deea6,XOM,TREND_FOLLOW,LONG,2022-08-04 14:30:00,89.195,117,2022-08-05 09:30:00,86.33,STOP_HIT,86.33,94.93,Normal,-335.2049999999994,-339.1497134999994,3.9447135,KELLY_CRITERION
386b1564,REGN,TREND_FOLLOW,LONG,2022-08-05 14:00:00,612.825,17,2022-08-10 09:30:00,630.0,MAX_HOLD,594.18,650.11,Normal,291.9749999999992,287.8764999999992,4.0985,KELLY_CRITERION
9437eefa,AAPL,TREND_FOLLOW,SHORT,2022-08-11 14:00:00,168.92,62,2022-08-15 11:35:00,172.54,STOP_HIT,172.54,161.67,Normal,-224.44000000000028,-228.8403887000003,4.4003887,KELLY_CRITERION
a9c7cf0f,INTU,TREND_FOLLOW,LONG,2022-08-11 14:00:00,479.44,21,2022-08-16 09:30:00,482.89,MAX_HOLD,464.79,508.74,Normal,72.44999999999976,68.55075849999976,3.8992415000000005,KELLY_CRITERION
66593958,TSLA,TREND_FOLLOW,LONG,2022-08-12 14:00:00,296.1533,35,2022-08-17 09:30:00,303.3967,MAX_HOLD,281.83,324.79,Normal,253.5190000000003,249.4523904250003,4.066609575,KELLY_CRITERION
3a94b5ec,INTU,TREND_FOLLOW,LONG,2022-08-18 14:00:00,476.65,22,2022-08-19 09:40:00,464.59,STOP_HIT,464.59,500.77,Normal,-265.32000000000005,-269.24734300000006,3.9273429999999996,KELLY_CRITERION
e1e97c94,REGN,TREND_FOLLOW,SHORT,2022-08-18 14:00:00,625.335,16,2022-08-23 09:30:00,610.53,MAX_HOLD,644.37,587.27,Normal,236.88000000000102,232.839278800001,4.0407212,KELLY_CRITERION
0b4c888e,MS,TREND_FOLLOW,SHORT,2022-08-19 14:00:00,90.15,116,2022-08-24 09:30:00,87.99,MAX_HOLD,91.82,86.8,Normal,250.56000000000125,246.27829790000126,4.2817021,KELLY_CRITERION
5e44c7ee,CRM,PE_SHORT,SHORT,2022-08-25 09:30:00,168.58,94,2022-08-26 15:55:00,165.24,EOD,176.53,152.68,Stress,313.9600000000003,305.39824460000034,8.561755400000001,VOLATILITY_TARGET
10fb0afe,SPY,STRESS_ORB,SHORT,2022-08-26 10:00:00,415.4623,15,2022-08-26 10:10:00,419.59,STOP_HIT,419.59,407.21,Stress,-61.91549999999921,-65.58843087499922,3.672930874999999,KELLY_CRITERION
c4902517,QQQ,STRESS_ORB,SHORT,2022-08-26 10:00:00,316.78,19,2022-08-26 10:05:00,320.58,STOP_HIT,320.58,309.18,Stress,-72.20000000000022,-75.76671805000022,3.56671805,KELLY_CRITERION
fce9a39e,IWM,STRESS_ORB,SHORT,2022-08-26 10:10:00,194.21,32,2022-08-26 10:35:00,191.75,TARGET_HIT,195.44,191.75,Stress,78.72000000000025,75.12702000000026,3.59298,KELLY_CRITERION
007c9f2f,AVGO,TREND_FOLLOW,SHORT,2022-09-06 14:00:00,49.854,210,2022-09-09 09:30:00,51.59,STOP_HIT,51.59,46.39,Normal,-364.56000000000085,-369.4257472500009,4.86574725,KELLY_CRITERION
cd8de1b8,MU,TREND_FOLLOW,SHORT,2022-09-06 14:00:00,55.32,189,2022-09-09 15:30:00,57.6,STOP_HIT,57.6,50.76,Normal,-430.9200000000002,-435.7279710000002,4.807970999999999,KELLY_CRITERION
1fc76481,QCOM,TREND_FOLLOW,SHORT,2022-09-06 15:15:00,127.05,82,2022-09-09 10:05:00,131.85,STOP_HIT,131.85,117.45,Normal,-393.5999999999998,-398.0474067499998,4.44740675,KELLY_CRITERION
d0b20401,QQQ,STRESS_ORB,SHORT,2022-09-13 09:55:00,300.19,20,2022-09-13 15:25:00,294.53,TARGET_HIT,303.02,294.53,Stress,113.2000000000005,109.7388085000005,3.4611914999999995,KELLY_CRITERION
c294131d,SPY,STRESS_ORB,SHORT,2022-09-13 10:00:00,399.799,15,2022-09-13 15:30:00,393.2,TARGET_HIT,403.1,393.2,Stress,98.98499999999984,95.52087999999985,3.4641199999999994,KELLY_CRITERION
beac1c49,META,TREND_FOLLOW,SHORT,2022-09-13 14:00:00,156.1268,33,2022-09-19 09:30:00,145.235,MAX_HOLD,164.85,135.87,Stress,359.42939999999965,356.54478673749963,2.8846132625000003,KELLY_CRITERION
9fde3473,IWM,STRESS_ORB,SHORT,2022-09-20 10:00:00,177.73,35,2022-09-20 12:00:00,178.87,STOP_HIT,178.87,175.45,Stress,-39.90000000000052,-43.55921237500052,3.659212375,KELLY_CRITERION
368a0eb5,SPY,STRESS_ORB,SHORT,2022-09-20 10:10:00,383.5299,16,2022-09-20 11:50:00,385.3,STOP_HIT,385.3,379.99,Stress,-28.321600000000217,-31.926652000000217,3.6050519999999997,KELLY_CRITERION
5c15ecf1,QQQ,STRESS_MID,SHORT,2022-09-20 10:15:00,288.39,63,2022-09-20 10:50:00,289.54925999999995,STOP_HIT,289.54925999999995,286.07148000000007,Stress,-73.03337999999752,-83.01811078294752,9.984730782949999,KELLY_CRITERION
954fcda4,AMZN,GF_SHORT,SHORT,2022-09-27 10:30:00,115.83,32,2022-09-27 12:10:00,113.9025,TARGET_HIT,116.0915123076923,113.9025,Normal,61.679999999999836,59.94781779999984,1.7321822,KELLY_CRITERION
5d4b7410,AVGO,GF_SHORT,SHORT,2022-09-27 10:30:00,46.396,80,2022-09-27 12:10:00,45.8615,TARGET_HIT,46.35384923076922,45.8615,Normal,42.760000000000105,41.0093827000001,1.7506173,KELLY_CRITERION
1c8feb34,ADBE,TREND_FOLLOW,SHORT,2022-09-27 14:10:00,275.63,38,2022-10-03 09:30:00,278.2694,MAX_HOLD,291.22,244.44,Normal,-100.29720000000088,-104.64638454300089,4.349184543000001,KELLY_CRITERION
d3cf282a,SPY,STRESS_ORB,SHORT,2022-10-05 10:00:00,372.47,16,2022-10-05 12:15:00,375.18,STOP_HIT,375.18,367.05,Stress,-43.35999999999967,-46.87963919999967,3.5196392,KELLY_CRITERION
046c61d8,QQQ,STRESS_ORB,SHORT,2022-10-05 10:00:00,277.08,22,2022-10-05 12:15:00,279.62,STOP_HIT,279.62,272.0,Stress,-55.88000000000045,-59.47928010000045,3.5992801,KELLY_CRITERION
9644be41,IWM,STRESS_MID,SHORT,2022-10-05 10:15:00,172.19,106,2022-10-05 13:10:00,173.99762379999999,STOP_HIT,173.99762379999999,168.57475240000002,Stress,-191.60812279999868,-201.72886993477567,10.120747134777,KELLY_CRITERION
252e5049,TSLA,TREND_FOLLOW,LONG,2022-10-12 14:00:00,216.0885,48,2022-10-17 09:30:00,210.04,MAX_HOLD,202.06,244.14,Normal,-290.3280000000009,-294.2066720000009,3.878672,KELLY_CRITERION
8e8d3dab,AAPL,TREND_FOLLOW,SHORT,2022-10-12 14:00:00,138.5,75,2022-10-13 15:05:00,143.07,STOP_HIT,143.07,129.37,Normal,-342.7499999999995,-347.16529437499946,4.415294375,KELLY_CRITERION
e87aadee,MSFT,TREND_FOLLOW,LONG,2022-10-12 14:00:00,226.01,46,2022-10-17 09:30:00,235.82,MAX_HOLD,219.07,239.89,Normal,451.2600000000001,447.1132980000001,4.146701999999999,KELLY_CRITERION
e7f1570a,REGN,TREND_FOLLOW,SHORT,2022-10-19 14:00:00,705.1366,7,2022-10-24 09:30:00,717.95,MAX_HOLD,740.08,635.25,Stress,-89.69380000000001,-92.69619537500002,3.002395375,KELLY_CRITERION
94b412b4,AVGO,TREND_FOLLOW,SHORT,2022-10-19 14:00:00,43.296,121,2022-10-24 09:30:00,45.273,MAX_HOLD,45.85,38.19,Stress,-239.21700000000047,-242.55375740750046,3.3367574075,KELLY_CRITERION
6a800c2c,AVGO,TREND_FOLLOW,SHORT,2022-10-25 14:00:00,45.8785,114,2022-10-27 10:15:00,45.54,CIRCUIT_BREAKER,48.23,41.18,Stress,38.58900000000038,35.42922210000038,3.1597778999999995,KELLY_CRITERION
5ac13103,META,PE_SHORT,SHORT,2022-10-27 09:30:00,97.975,77,2022-10-28 15:55:00,99.175,EOD,107.63,78.66,Stress,-92.40000000000022,-96.79325556250022,4.3932555625,VOLATILITY_TARGET
e6c45eb5,SPY,STRESS_ORB,SHORT,2022-10-27 09:50:00,380.7701,16,2022-10-27 10:15:00,384.33,STOP_HIT,384.33,373.65,Stress,-56.95839999999953,-60.555265199999525,3.5968652,KELLY_CRITERION
3d642794,QQQ,STRESS_ORB,SHORT,2022-10-27 09:50:00,273.85,22,2022-10-27 10:15:00,269.16,CIRCUIT_BREAKER,278.2795,264.99,Stress,103.17999999999995,99.70210819999996,3.4778918,KELLY_CRITERION
8bb070c9,SPY,STRESS_ORB,SHORT,2022-11-01 09:50:00,387.99,16,2022-11-01 15:55:00,384.53,EOD,390.39,383.19,Stress,55.36000000000058,51.761446800000584,3.5985532,KELLY_CRITERION
c229bc4f,SPY,STRESS_ORB,SHORT,2022-11-03 09:50:00,369.52,16,2022-11-03 10:25:00,372.25,STOP_HIT,372.25,364.06,Stress,-43.68000000000029,-47.17491000000029,3.49491,KELLY_CRITERION
9156da76,QQQ,STRESS_ORB,SHORT,2022-11-03 09:50:00,260.9,23,2022-11-03 10:25:00,263.48,STOP_HIT,263.48,255.74,Stress,-59.34000000000094,-62.89115610000094,3.5511561,KELLY_CRITERION
92f13372,TXN,TREND_FOLLOW,SHORT,2022-11-09 14:00:00,166.27,31,2022-11-10 15:40:00,174.39,STOP_HIT,174.39,150.02,Stress,-251.71999999999926,-254.92775747499925,3.2077574749999993,KELLY_CRITERION
7fdaf51b,NFLX,TREND_FOLLOW,LONG,2022-11-17 14:00:00,29.8946,351,2022-11-21 10:10:00,28.53,STOP_HIT,28.53,32.63,Normal,-478.9745999999998,-483.4795104999998,4.5049105,KELLY_CRITERION
f3d2423b,BIIB,TREND_FOLLOW,LONG,2022-11-17 14:00:00,302.155,34,2022-11-22 09:30:00,302.25,MAX_HOLD,294.49,317.48,Normal,3.2300000000009277,-0.716774999999072,3.9467749999999997,KELLY_CRITERION
57143884,GILD,TREND_FOLLOW,LONG,2022-11-17 14:45:00,83.2921,126,2022-11-22 09:30:00,84.65,MAX_HOLD,81.15,87.58,Normal,171.0954000000001,166.92133500000008,4.174065000000001,KELLY_CRITERION
b7821011,CRM,TREND_FOLLOW,LONG,2022-11-28 14:55:00,153.77,68,2022-12-01 09:30:00,147.34,STOP_HIT,147.34,166.63,Normal,-437.24000000000046,-441.0966920000005,3.8566920000000007,KELLY_CRITERION
4764b19b,AMZN,TREND_FOLLOW,LONG,2022-11-29 14:00:00,92.475,113,2022-12-05 09:30:00,93.05,MAX_HOLD,88.4,100.62,Normal,64.97500000000032,60.89937250000032,4.0756275,KELLY_CRITERION
a9d13c6a,MSFT,TREND_FOLLOW,LONG,2022-11-29 14:00:00,240.69,43,2022-11-30 15:35:00,252.52,TARGET_HIT,234.77,252.52,Normal,508.6900000000005,504.5395740000005,4.150426,KELLY_CRITERION
4efe4fc0,CRM,PE_SHORT,SHORT,2022-12-01 09:30:00,147.55,76,2022-12-02 15:55:00,144.52,EOD,157.38,127.89,Stress,230.2800000000001,224.12137320000008,6.1586268,VOLATILITY_TARGET
9a955232,IWM,STRESS_ORB,SHORT,2022-12-05 09:50:00,185.36,33,2022-12-05 15:55:00,182.84,EOD,187.06,181.96,Stress,83.16000000000034,79.62077770000033,3.5392223,KELLY_CRITERION
a0c7da2d,QQQ,STRESS_ORB,SHORT,2022-12-06 09:50:00,284.95,21,2022-12-06 15:55:00,281.715,EOD,287.62,279.61,Stress,67.93500000000029,64.4602070875003,3.4747929124999994,KELLY_CRITERION
e501ea53,SPY,STRESS_ORB,SHORT,2022-12-06 09:55:00,397.19,15,2022-12-06 15:55:00,393.86,EOD,399.99,391.59,Stress,49.94999999999976,46.480657749999764,3.46934225,KELLY_CRITERION
eab50a25,AMZN,TREND_FOLLOW,LONG,2022-12-12 14:00:00,89.09,117,2022-12-13 09:30:00,94.17,TARGET_HIT,86.55,94.17,Normal,594.3599999999998,590.0942384999997,4.2657615,KELLY_CRITERION
565b9c2b,COST,GF_SHORT,SHORT,2022-12-13 10:30:00,490.42,7,2022-12-13 12:15:00,483.0,TARGET_HIT,490.22947999999997,483.0,Normal,51.94000000000011,50.31230750000011,1.6276925,KELLY_CRITERION
3dca1ed0,SBUX,GF_SHORT,SHORT,2022-12-13 10:30:00,103.25,36,2022-12-13 12:10:00,101.47500000000001,TARGET_HIT,103.20010076923077,101.47500000000001,Normal,63.89999999999969,62.16393474999969,1.7360652500000002,KELLY_CRITERION
8c81bebb,QQQ,STRESS_ORB,SHORT,2022-12-19 10:00:00,271.32,23,2022-12-19 15:55:00,269.84,EOD,273.96,266.04,Stress,34.04000000000042,30.41168120000042,3.6283187999999993,KELLY_CRITERION
fb041b15,INTU,TREND_FOLLOW,SHORT,2022-12-20 14:00:00,386.22,13,2022-12-27 09:30:00,383.44,MAX_HOLD,408.79,341.07,Stress,36.140000000000384,33.15802520000038,2.9819748,KELLY_CRITERION
fcdd03c8,AMAT,TREND_FOLLOW,SHORT,2022-12-20 14:00:00,103.97,50,2022-12-27 09:30:00,96.18,MAX_HOLD,106.47,93.07,Stress,389.4999999999996,386.6035024999996,2.8964975,KELLY_CRITERION
a9014b66,AVGO,TREND_FOLLOW,SHORT,2022-12-27 15:05:00,55.63,94,2022-12-29 16:00:00,55.781,END_OF_PERIOD,57.79,51.3,Stress,-14.193999999999647,-17.32823088499965,3.134230885,KELLY_CRITERION
fd2e2c1a,IWM,STRESS_MID,SHORT,2022-12-28 10:15:00,172.9,106,2022-12-28 14:00:00,171.34,TIME_STOP,174.03386,170.63228,Stress,165.36000000000024,155.38785390000024,9.972146100000002,KELLY_CRITERION
879173fb,QCOM,TREND_FOLLOW,SHORT,2022-12-29 14:00:00,110.08,47,2022-12-29 16:00:00,109.84,END_OF_PERIOD,116.28,97.67,Stress,11.27999999999976,8.19762679999976,3.0823731999999997,KELLY_CRITERION
